benchmark_id,q_tag,skeleton_sql,example_question,mimiciii_query_template,mimiciv_cdm_query_template,tag_items,tag_item_subtypes,value_arguments,observed_tag_item_signature_count,observed_value_count,skeleton_variant_candidate,variant_risk_level,variant_driver_tag_items,variant_reason
ehrsql_112,count the number of current patients.,"select count(distinct v.person_id) from <SCHEMA>.visit_occurrence v where v.visit_start_date <= {anchor_date} and coalesce(v.visit_end_date, {anchor_date}) >= {anchor_date}",Count the number of patients who are currently in the hospital.,select count( distinct admissions.subject_id ) from admissions where admissions.dischtime is null,"select count(distinct v.person_id) from <SCHEMA>.visit_occurrence v where v.visit_start_date <= {anchor_date} and coalesce(v.visit_end_date, {anchor_date}) >= {anchor_date}",NONE,NONE,NONE,1,0,NO,low,,current visit simulated with anchor containment at 2215-01-16
ehrsql_007,what is the gender of patient {patient_id}?,"select coalesce(c.concept_name, p.gender_source_value) as answer from <SCHEMA>.person p left join <SCHEMA>.concept c on c.concept_id = p.gender_concept_id where p.person_source_value = {patient_id}",What is the gender of patient 23620?,select patients.gender from patients where patients.subject_id = 24517,"select coalesce(c.concept_name, p.gender_source_value) as answer from <SCHEMA>.person p left join <SCHEMA>.concept c on c.concept_id = p.gender_concept_id where p.person_source_value = {patient_id}",NONE,NONE,patient_id,1,4,NO,low,,
ehrsql_008,what is the date of birth of patient {patient_id}?,"select make_date(p.year_of_birth, coalesce(p.month_of_birth, 1), coalesce(p.day_of_birth, 1)) as answer from <SCHEMA>.person p where p.person_source_value = {patient_id}",What is the date of birth for patient 83038?,select patients.dob from patients where patients.subject_id = 88409,"select make_date(p.year_of_birth, coalesce(p.month_of_birth, 1), coalesce(p.day_of_birth, 1)) as answer from <SCHEMA>.person p where p.person_source_value = {patient_id}",NONE,NONE,patient_id,1,6,NO,low,,
ehrsql_113,count the number of current patients aged [age_group].,"select count(distinct v.person_id) from <SCHEMA>.visit_occurrence v join <SCHEMA>.person p on p.person_id = v.person_id where v.visit_start_date <= {anchor_date} and coalesce(v.visit_end_date, {anchor_date}) >= {anchor_date} and {age_group_filter:date_part('year', age(coalesce(v.visit_start_date, {anchor_date}), make_date(p.year_of_birth, 1, 1)))}",How many current patients are in their 20s?,select count( distinct admissions.subject_id ) from admissions where admissions.dischtime is null and admissions.age between 20 and 29,"select count(distinct v.person_id) from <SCHEMA>.visit_occurrence v join <SCHEMA>.person p on p.person_id = v.person_id where v.visit_start_date <= {anchor_date} and coalesce(v.visit_end_date, {anchor_date}) >= {anchor_date} and {age_group_filter:date_part('year', age(coalesce(v.visit_start_date, {anchor_date}), make_date(p.year_of_birth, 1, 1)))}",age_group,age_group: 20s | 40s | 50s,NONE,3,0,NO,low,,current visit simulated with anchor containment at 2215-01-16
ehrsql_015,what is_verb the age of patient {patient_id} [time_filter_global1]?,"select date_part('year', age(v.visit_start_date, make_date(p.year_of_birth, 1, 1))) as answer from <SCHEMA>.visit_occurrence v join <SCHEMA>.person p on p.person_id = v.person_id where p.person_source_value = {patient_id} {time_filter_global1:v.visit_start_date} {time_filter_exact1:v.visit_start_date}",What was patient 1205's age during their first hospital encounter?,select admissions.age from admissions where admissions.subject_id = 19144 and admissions.dischtime is not null order by admissions.admittime asc limit 1,"select date_part('year', age(v.visit_start_date, make_date(p.year_of_birth, 1, 1))) as answer from <SCHEMA>.visit_occurrence v join <SCHEMA>.person p on p.person_id = v.person_id where p.person_source_value = {patient_id} {time_filter_global1:v.visit_start_date} {time_filter_exact1:v.visit_start_date}",time_filter_global1,time_filter_global1: rel-hosp-cur | rel-hosp-first | rel-hosp-last,patient_id,3,5,NO,low,,
ehrsql_017,what is_verb the marital status of patient {patient_id} [time_filter_global1]?,"select coalesce(vc.concept_name, o.value_as_string, oc.concept_name) as answer from <SCHEMA>.observation o join <SCHEMA>.person p on p.person_id = o.person_id left join <SCHEMA>.concept oc on oc.concept_id = o.observation_concept_id left join <SCHEMA>.concept vc on vc.concept_id = o.value_as_concept_id where p.person_source_value = {patient_id} {observation_filter:marital_status:o.observation_concept_id} {time_filter_global1:o.observation_date} {time_filter_exact1:o.observation_date}",What was the marital status of patient 5849 during their last visit to the hospital?,select admissions.marital_status from admissions where admissions.subject_id = 19981 and admissions.dischtime is not null order by admissions.admittime desc limit 1,"select coalesce(vc.concept_name, o.value_as_string, oc.concept_name) as answer from <SCHEMA>.observation o join <SCHEMA>.person p on p.person_id = o.person_id left join <SCHEMA>.concept oc on oc.concept_id = o.observation_concept_id left join <SCHEMA>.concept vc on vc.concept_id = o.value_as_concept_id where p.person_source_value = {patient_id} {observation_filter:marital_status:o.observation_concept_id} {time_filter_global1:o.observation_date} {time_filter_exact1:o.observation_date}",time_filter_global1,time_filter_global1: rel-hosp-cur | rel-hosp-first | rel-hosp-last,patient_id,3,4,NO,low,,
ehrsql_016,what is_verb the name of insurance of patient {patient_id} [time_filter_global1]?,"select coalesce(pc.concept_name, ppp.payer_source_value, ppp.plan_source_value) as answer from <SCHEMA>.payer_plan_period ppp join <SCHEMA>.person p on p.person_id = ppp.person_id left join <SCHEMA>.concept pc on pc.concept_id = ppp.payer_concept_id where p.person_source_value = {patient_id} {time_filter_global1:ppp.payer_plan_period_start_date} {time_filter_exact1:ppp.payer_plan_period_start_date}",What is the name of the insurance for patient 97677 during their last hospital encounter?,select admissions.insurance from admissions where admissions.subject_id = 31482 and admissions.dischtime is null,"select coalesce(pc.concept_name, ppp.payer_source_value, ppp.plan_source_value) as answer from <SCHEMA>.payer_plan_period ppp join <SCHEMA>.person p on p.person_id = ppp.person_id left join <SCHEMA>.concept pc on pc.concept_id = ppp.payer_concept_id where p.person_source_value = {patient_id} {time_filter_global1:ppp.payer_plan_period_start_date} {time_filter_exact1:ppp.payer_plan_period_start_date}",time_filter_global1,time_filter_global1: rel-hosp-cur | rel-hosp-first | rel-hosp-last,patient_id,3,6,NO,low,,
ehrsql_144,what are_verb the top [n_rank] frequent diagnoses of patients aged [age_group] [time_filter_global1]?,"select c.concept_name from (select co.condition_concept_id as concept_id, count(*) as n from <SCHEMA>.condition_occurrence co join <SCHEMA>.person p on p.person_id = co.person_id where {age_group_filter:date_part('year', age(co.condition_start_date, make_date(p.year_of_birth, 1, 1)))} {time_filter_global1:co.condition_start_date} group by co.condition_concept_id order by n desc {n_rank_limit}) r join <SCHEMA>.concept c on c.concept_id = r.concept_id order by r.n desc",Show me the top five most common diagnoses for patients in their 40s during this year.,"select d_icd_diagnoses.short_title from d_icd_diagnoses where d_icd_diagnoses.icd9_code in ( select t1.icd9_code from ( select diagnoses_icd.icd9_code, dense_rank() over ( order by count(*) desc ) as c1 from diagnoses_icd where diagnoses_icd.hadm_id in ( select admissions.hadm_id from admissions where admissions.age between 30 and 39 ) and strftime('%y',diagnoses_icd.charttime) <= '2100' group by diagnoses_icd.icd9_code ) as t1 where t1.c1 <= 4 )","select c.concept_name from (select co.condition_concept_id as concept_id, count(*) as n from <SCHEMA>.condition_occurrence co join <SCHEMA>.person p on p.person_id = co.person_id where {age_group_filter:date_part('year', age(co.condition_start_date, make_date(p.year_of_birth, 1, 1)))} {time_filter_global1:co.condition_start_date} group by co.condition_concept_id order by n desc {n_rank_limit}) r join <SCHEMA>.concept c on c.concept_id = r.concept_id order by r.n desc",n_rank; age_group; time_filter_global1,age_group: 20s | 30s | 40s | 50s | 60 or above; n_rank: five | four | three; time_filter_global1: abs-year-in | abs-year-since | abs-year-until | null | rel-year-last | rel-year-since | rel-year-this | rel-year-until,NONE,10,0,NO,low,,
ehrsql_152,what are_verb the top [n_rank] frequently prescribed drugs of patients aged [age_group] [time_filter_global1]?,"select c.concept_name from (select de.drug_concept_id as concept_id, count(*) as n from <SCHEMA>.drug_exposure de join <SCHEMA>.person p on p.person_id = de.person_id where 1=1 {age_group_filter:date_part('year', age(de.drug_exposure_start_date, make_date(p.year_of_birth, 1, 1)))} {time_filter_global1:de.drug_exposure_start_date} group by de.drug_concept_id order by n desc {n_rank_limit}) r join <SCHEMA>.concept c on c.concept_id = r.concept_id order by r.n desc",What were the top three most frequently prescribed drugs for patients in their 20s since 4 years ago?,"select t1.drug from ( select prescriptions.drug, dense_rank() over ( order by count(*) desc ) as c1 from prescriptions where prescriptions.hadm_id in ( select admissions.hadm_id from admissions where admissions.age between 30 and 39 ) and datetime(prescriptions.startdate,'start of year') = datetime(current_time,'start of year','-1 year') group by prescriptions.drug ) as t1 where t1.c1 <= 5","select c.concept_name from (select de.drug_concept_id as concept_id, count(*) as n from <SCHEMA>.drug_exposure de join <SCHEMA>.person p on p.person_id = de.person_id where 1=1 {age_group_filter:date_part('year', age(de.drug_exposure_start_date, make_date(p.year_of_birth, 1, 1)))} {time_filter_global1:de.drug_exposure_start_date} group by de.drug_concept_id order by n desc {n_rank_limit}) r join <SCHEMA>.concept c on c.concept_id = r.concept_id order by r.n desc",n_rank; age_group; time_filter_global1,age_group: 20s | 30s | 40s | 50s | 60 or above; n_rank: five | four | three; time_filter_global1: abs-year-in | abs-year-since | abs-year-until | null | rel-year-since | rel-year-this,NONE,10,0,NO,low,,
ehrsql_148,what are_verb the top [n_rank] frequent procedures of patients aged [age_group] [time_filter_global1]?,"select c.concept_name from (select po.procedure_concept_id as concept_id, count(*) as n from <SCHEMA>.procedure_occurrence po join <SCHEMA>.person p on p.person_id = po.person_id where 1=1 {age_group_filter:date_part('year', age(po.procedure_date, make_date(p.year_of_birth, 1, 1)))} {time_filter_global1:po.procedure_date} group by po.procedure_concept_id order by n desc {n_rank_limit}) r join <SCHEMA>.concept c on c.concept_id = r.concept_id order by r.n desc",What are the top four most frequent procedures for patients in their 20s since 2101?,"select d_icd_procedures.short_title from d_icd_procedures where d_icd_procedures.icd9_code in ( select t1.icd9_code from ( select procedures_icd.icd9_code, dense_rank() over ( order by count(*) desc ) as c1 from procedures_icd where procedures_icd.hadm_id in ( select admissions.hadm_id from admissions where admissions.age between 20 and 29 ) and datetime(procedures_icd.charttime) <= datetime(current_time,'-4 year') group by procedures_icd.icd9_code ) as t1 where t1.c1 <= 5 )","select c.concept_name from (select po.procedure_concept_id as concept_id, count(*) as n from <SCHEMA>.procedure_occurrence po join <SCHEMA>.person p on p.person_id = po.person_id where 1=1 {age_group_filter:date_part('year', age(po.procedure_date, make_date(p.year_of_birth, 1, 1)))} {time_filter_global1:po.procedure_date} group by po.procedure_concept_id order by n desc {n_rank_limit}) r join <SCHEMA>.concept c on c.concept_id = r.concept_id order by r.n desc",n_rank; age_group; time_filter_global1,age_group: 20s | 30s | 40s | 60 or above; n_rank: five | four | three; time_filter_global1: abs-year-since | null | rel-year-last | rel-year-since | rel-year-this | rel-year-until,NONE,10,0,NO,low,,
ehrsql_018,what percentile is the value of {lab_value} in a {lab_name} lab test among patients of the same age as patient {patient_id} [time_filter_global1]?,"select (count(*) filter (where m.value_as_number < {lab_value}))::float / nullif(count(*) - 1, 0) as answer from <SCHEMA>.measurement m join <SCHEMA>.person p on p.person_id = m.person_id where 1=1 {measurement_filter:lab_name:m.measurement_concept_id} {age_group_filter:date_part('year', age(m.measurement_date, make_date(p.year_of_birth, 1, 1)))} {time_filter_global1:m.measurement_date} and m.value_as_number is not null",What is the percentile rank of the bands value of 1.0 among patients of the same age as patient 27465 during their first hospital visit?,"select distinct t1.c1 from ( select labevents.valuenum, percent_rank() over ( order by labevents.valuenum ) as c1 from labevents where labevents.itemid in ( select d_labitems.itemid from d_labitems where d_labitems.label = 'platelet count' ) and labevents.hadm_id in ( select admissions.hadm_id from admissions where admissions.age = ( select admissions.age from admissions where admissions.subject_id = 18223 and admissions.dischtime is not null order by admissions.admittime asc limit 1 ) ) ) as t1 where t1.valuenum = 73.0","select (count(*) filter (where m.value_as_number < {lab_value}))::float / nullif(count(*) - 1, 0) as answer from <SCHEMA>.measurement m join <SCHEMA>.person p on p.person_id = m.person_id where 1=1 {measurement_filter:lab_name:m.measurement_concept_id} {age_group_filter:date_part('year', age(m.measurement_date, make_date(p.year_of_birth, 1, 1)))} {time_filter_global1:m.measurement_date} and m.value_as_number is not null",time_filter_global1,time_filter_global1: rel-hosp-cur | rel-hosp-first,lab_name; lab_value; patient_id,2,18,NO,low,,
ehrsql_160,what are_verb the top [n_rank] frequent lab tests of patients aged [age_group] [time_filter_global1]?,"select c.concept_name from (select mac.measurement_concept_id as concept_id, sum(mac.n) as n from <SCHEMA>.schera_measurement_concept_date_age_counts mac where 1=1 {age_group_filter:mac.age_bucket} {time_filter_global1:mac.measurement_date} group by mac.measurement_concept_id order by n desc {n_rank_limit}) r join <SCHEMA>.concept c on c.concept_id = r.concept_id order by r.n desc",What were the five most frequently given tests in 2104 for patients aged 60 or above?,"select d_labitems.label from d_labitems where d_labitems.itemid in ( select t1.itemid from ( select labevents.itemid, dense_rank() over ( order by count(*) desc ) as c1 from labevents where labevents.hadm_id in ( select admissions.hadm_id from admissions where admissions.age between 30 and 39 ) and datetime(labevents.charttime) <= datetime(current_time,'-4 year') group by labevents.itemid ) as t1 where t1.c1 <= 5 )","select c.concept_name from (select mac.measurement_concept_id as concept_id, sum(mac.n) as n from <SCHEMA>.schera_measurement_concept_date_age_counts mac where 1=1 {age_group_filter:mac.age_bucket} {time_filter_global1:mac.measurement_date} group by mac.measurement_concept_id order by n desc {n_rank_limit}) r join <SCHEMA>.concept c on c.concept_id = r.concept_id order by r.n desc",n_rank; age_group; time_filter_global1,age_group: 20s | 30s | 40s | 50s | 60 or above; n_rank: five | four | three; time_filter_global1: abs-year-in | abs-year-until | rel-year-last | rel-year-since | rel-year-this | rel-year-until,NONE,10,0,NO,low,,
ehrsql_157,what are_verb the top [n_rank] frequently prescribed drugs that patients aged [age_group] were prescribed [time_filter_within] after having been diagnosed with {diagnosis_name} [time_filter_global1]?,"with index_condition as (select distinct co.person_id, co.condition_start_date as index_date from <SCHEMA>.condition_occurrence co where 1=1 {condition_filter:diagnosis_name:co.condition_concept_id} {time_filter_global1:co.condition_start_date}) select c.concept_name from (select de.drug_concept_id as concept_id, count(*) as n from index_condition idx join <SCHEMA>.person p_age on p_age.person_id = idx.person_id join <SCHEMA>.drug_exposure de on de.person_id = idx.person_id where de.drug_exposure_start_date > idx.index_date {time_filter_within:de.drug_exposure_start_date,idx.index_date} {age_group_filter:date_part('year', age(de.drug_exposure_start_date, make_date(p_age.year_of_birth, 1, 1)))} group by de.drug_concept_id order by n desc {n_rank_limit}) r join <SCHEMA>.concept c on c.concept_id = r.concept_id order by r.n desc",What were the four most frequent drugs prescribed within 2 months to patients in their 30s after being diagnosed with urin tract infection nos until 3 years ago?,"select t3.drug from ( select t2.drug, dense_rank() over ( order by count(*) desc ) as c1 from ( select admissions.subject_id, diagnoses_icd.charttime from diagnoses_icd join admissions on diagnoses_icd.hadm_id = admissions.hadm_id where diagnoses_icd.icd9_code = ( select d_icd_diagnoses.icd9_code from d_icd_diagnoses where d_icd_diagnoses.short_title = 'ac on chr syst hrt fail' ) and datetime(diagnoses_icd.charttime,'start of year') = datetime(current_time,'start of year','-1 year') ) as t1 join ( select admissions.subject_id, prescriptions.drug, prescriptions.startdate from prescriptions join admissions on prescriptions.hadm_id = admissions.hadm_id where admissions.age between 50 and 59 and datetime(prescriptions.startdate,'start of year') = datetime(current_time,'start of year','-1 year') ) as t2 on t1.subject_id = t2.subject_id where t1.charttime < t2.startdate and datetime(t1.charttime,'start of month') = datetime(t2.startdate,'start of month') group by t2.drug ) as t3 where t3.c1 <= 5","with index_condition as (select distinct co.person_id, co.condition_start_date as index_date from <SCHEMA>.condition_occurrence co where 1=1 {condition_filter:diagnosis_name:co.condition_concept_id} {time_filter_global1:co.condition_start_date}) select c.concept_name from (select de.drug_concept_id as concept_id, count(*) as n from index_condition idx join <SCHEMA>.person p_age on p_age.person_id = idx.person_id join <SCHEMA>.drug_exposure de on de.person_id = idx.person_id where de.drug_exposure_start_date > idx.index_date {time_filter_within:de.drug_exposure_start_date,idx.index_date} {age_group_filter:date_part('year', age(de.drug_exposure_start_date, make_date(p_age.year_of_birth, 1, 1)))} group by de.drug_concept_id order by n desc {n_rank_limit}) r join <SCHEMA>.concept c on c.concept_id = r.concept_id order by r.n desc",n_rank; age_group; time_filter_within; time_filter_global1,age_group: 20s | 30s | 50s | 60 or above; n_rank: five | four | three; time_filter_global1: abs-year-until | rel-year-last | rel-year-until; time_filter_within: within-month | within-n_month,diagnosis_name,5,5,YES,high,time_filter_within,"within subtype can switch between same-visit, same-month, and interval relations over two event queries"
ehrsql_158,what are_verb the top [n_rank] frequently prescribed drugs that {gender} patients aged [age_group] were prescribed [time_filter_within] after having been diagnosed with {diagnosis_name} [time_filter_global1]?,"with index_condition as (select distinct co.person_id, co.condition_start_date as index_date from <SCHEMA>.condition_occurrence co where 1=1 {condition_filter:diagnosis_name:co.condition_concept_id} {time_filter_global1:co.condition_start_date}) select c.concept_name from (select de.drug_concept_id as concept_id, count(*) as n from index_condition idx join <SCHEMA>.person p on p.person_id = idx.person_id join <SCHEMA>.person p_age on p_age.person_id = idx.person_id join <SCHEMA>.drug_exposure de on de.person_id = idx.person_id where de.drug_exposure_start_date > idx.index_date {time_filter_within:de.drug_exposure_start_date,idx.index_date} {gender_filter:p.gender_concept_id} {age_group_filter:date_part('year', age(de.drug_exposure_start_date, make_date(p_age.year_of_birth, 1, 1)))} group by de.drug_concept_id order by n desc {n_rank_limit}) r join <SCHEMA>.concept c on c.concept_id = r.concept_id order by r.n desc",What are the four most frequent drugs prescribed within 2 months to female patients in their 40s after being diagnosed with acute respiratry failure last year?,"select t3.drug from ( select t2.drug, dense_rank() over ( order by count(*) desc ) as c1 from ( select admissions.subject_id, diagnoses_icd.charttime from diagnoses_icd join admissions on diagnoses_icd.hadm_id = admissions.hadm_id where diagnoses_icd.icd9_code = ( select d_icd_diagnoses.icd9_code from d_icd_diagnoses where d_icd_diagnoses.short_title = 'hypertension nos' ) and datetime(diagnoses_icd.charttime) <= datetime(current_time,'-1 year') ) as t1 join ( select admissions.subject_id, prescriptions.drug, prescriptions.startdate from prescriptions join admissions on prescriptions.hadm_id = admissions.hadm_id where admissions.subject_id in ( select patients.subject_id from patients where patients.gender = 'm' ) and admissions.age between 30 and 39 and datetime(prescriptions.startdate) <= datetime(current_time,'-1 year') ) as t2 on t1.subject_id = t2.subject_id where t1.charttime < t2.startdate and datetime(t2.startdate) between datetime(t1.charttime) and datetime(t1.charttime,'+2 month') group by t2.drug ) as t3 where t3.c1 <= 4","with index_condition as (select distinct co.person_id, co.condition_start_date as index_date from <SCHEMA>.condition_occurrence co where 1=1 {condition_filter:diagnosis_name:co.condition_concept_id} {time_filter_global1:co.condition_start_date}) select c.concept_name from (select de.drug_concept_id as concept_id, count(*) as n from index_condition idx join <SCHEMA>.person p on p.person_id = idx.person_id join <SCHEMA>.person p_age on p_age.person_id = idx.person_id join <SCHEMA>.drug_exposure de on de.person_id = idx.person_id where de.drug_exposure_start_date > idx.index_date {time_filter_within:de.drug_exposure_start_date,idx.index_date} {gender_filter:p.gender_concept_id} {age_group_filter:date_part('year', age(de.drug_exposure_start_date, make_date(p_age.year_of_birth, 1, 1)))} group by de.drug_concept_id order by n desc {n_rank_limit}) r join <SCHEMA>.concept c on c.concept_id = r.concept_id order by r.n desc",n_rank; age_group; time_filter_within; time_filter_global1,age_group: 20s | 40s | 50s; n_rank: five | four; time_filter_global1: abs-year-since | rel-year-last | rel-year-this; time_filter_within: within-hosp | within-month | within-n_month,diagnosis_name; gender,5,7,YES,high,time_filter_within,"within subtype can switch between same-visit, same-month, and interval relations over two event queries"
ehrsql_125,count the number of patients who were admitted to the hospital [time_filter_global1].,select count(distinct v.person_id) from <SCHEMA>.visit_occurrence v where 1=1 {time_filter_global1:v.visit_start_date},Count the number of patients who were admitted until 4 years ago to the hospital.,"select count( distinct admissions.subject_id ) from admissions where datetime(admissions.admittime,'start of year') = datetime(current_time,'start of year','-0 year')",select count(distinct v.person_id) from <SCHEMA>.visit_occurrence v where 1=1 {time_filter_global1:v.visit_start_date},time_filter_global1,time_filter_global1: abs-year-in | abs-year-since | rel-year-until,NONE,3,0,NO,low,,
ehrsql_126,count the number of patients who were discharged from the hospital [time_filter_global1].,select count(distinct v.person_id) from <SCHEMA>.visit_occurrence v where v.visit_end_date is not null {time_filter_global1:v.visit_end_date},How many patients left the hospital last year?,"select count( distinct admissions.subject_id ) from admissions where admissions.dischtime is not null and datetime(admissions.dischtime,'start of year') = datetime(current_time,'start of year','-1 year')",select count(distinct v.person_id) from <SCHEMA>.visit_occurrence v where v.visit_end_date is not null {time_filter_global1:v.visit_end_date},time_filter_global1,time_filter_global1: abs-year-since | abs-year-until | rel-year-last | rel-year-this | rel-year-until,NONE,5,0,NO,low,,
ehrsql_060,what was the [time_filter_exact1] length of icu stay of patient {patient_id}?,"select date_part('day', vd.visit_detail_end_datetime - vd.visit_detail_start_datetime) as answer from <SCHEMA>.visit_detail vd join <SCHEMA>.person p on p.person_id = vd.person_id where p.person_source_value = {patient_id} {source_value_filter:icu_visit:vd.visit_detail_source_value} and vd.visit_detail_end_datetime is not null {time_filter_exact1:vd.visit_detail_start_datetime}",Calculate the duration of patient 3118's first stay in the ICU.,"select strftime('%j',icustays.outtime) - strftime('%j',icustays.intime) from icustays where icustays.hadm_id in ( select admissions.hadm_id from admissions where admissions.subject_id = 55843 ) and icustays.outtime is not null order by icustays.intime asc limit 1","select date_part('day', vd.visit_detail_end_datetime - vd.visit_detail_start_datetime) as answer from <SCHEMA>.visit_detail vd join <SCHEMA>.person p on p.person_id = vd.person_id where p.person_source_value = {patient_id} {source_value_filter:icu_visit:vd.visit_detail_source_value} and vd.visit_detail_end_datetime is not null {time_filter_exact1:vd.visit_detail_start_datetime}",time_filter_exact1,time_filter_exact1: exact-first | exact-last,patient_id,2,14,NO,low,,
ehrsql_009,what was the [time_filter_exact1] length of hospital stay of patient {patient_id}?,"select date_part('day', v.visit_end_datetime - v.visit_start_datetime) as answer from <SCHEMA>.visit_occurrence v join <SCHEMA>.person p on p.person_id = v.person_id where p.person_source_value = {patient_id} and v.visit_end_datetime is not null {time_filter_exact1:v.visit_start_datetime}",Could you calculate the duration of stay for patient 85169 during their first hospital stay?,"select strftime('%j',admissions.dischtime) - strftime('%j',admissions.admittime) from admissions where admissions.subject_id = 60142 and admissions.dischtime is not null order by admissions.admittime asc limit 1","select date_part('day', v.visit_end_datetime - v.visit_start_datetime) as answer from <SCHEMA>.visit_occurrence v join <SCHEMA>.person p on p.person_id = v.person_id where p.person_source_value = {patient_id} and v.visit_end_datetime is not null {time_filter_exact1:v.visit_start_datetime}",time_filter_exact1,time_filter_exact1: exact-first | exact-last,patient_id,2,14,NO,low,,
ehrsql_079,has_verb patient {patient_id} been admitted to the hospital [time_filter_global1]?,select count(*) > 0 as answer from <SCHEMA>.visit_occurrence v join <SCHEMA>.person p on p.person_id = v.person_id where p.person_source_value = {patient_id} {time_filter_global1:v.visit_start_date},Has patient 23475 actually been admitted a year before?,"select count(*)>0 from admissions where admissions.subject_id = 12952 and strftime('%y',admissions.admittime) = '2105'",select count(*) > 0 as answer from <SCHEMA>.visit_occurrence v join <SCHEMA>.person p on p.person_id = v.person_id where p.person_source_value = {patient_id} {time_filter_global1:v.visit_start_date},time_filter_global1,time_filter_global1: abs-year-in | abs-year-since | rel-year-last | rel-year-this | rel-year-until,patient_id,5,7,NO,low,,
ehrsql_105,count the number of icu visits of patient {patient_id} [time_filter_global1].,select count(distinct vd.visit_detail_id) from <SCHEMA>.visit_detail vd join <SCHEMA>.person p on p.person_id = vd.person_id where p.person_source_value = {patient_id} {source_value_filter:icu_visit:vd.visit_detail_source_value} {time_filter_global1:vd.visit_detail_start_date},How many times has patient 24330 been to the ICU?,"select count( distinct icustays.icustay_id ) from icustays where icustays.hadm_id in ( select admissions.hadm_id from admissions where admissions.subject_id = 27242 ) and datetime(icustays.intime) >= datetime(current_time,'-3 year')",select count(distinct vd.visit_detail_id) from <SCHEMA>.visit_detail vd join <SCHEMA>.person p on p.person_id = vd.person_id where p.person_source_value = {patient_id} {source_value_filter:icu_visit:vd.visit_detail_source_value} {time_filter_global1:vd.visit_detail_start_date},time_filter_global1,time_filter_global1: abs-year-in | null | rel-hosp-cur | rel-year-last | rel-year-since,patient_id,5,7,NO,low,,
ehrsql_080,has_verb patient {patient_id} been to an emergency room [time_filter_global1]?,select count(*) > 0 as answer from <SCHEMA>.visit_occurrence v join <SCHEMA>.person p on p.person_id = v.person_id where p.person_source_value = {patient_id} {source_value_filter:emergency_room:v.visit_source_value} {time_filter_global1:v.visit_start_date},"Since 2104, was patient 8103 in the ER?","select count(*)>0 from admissions where admissions.subject_id = 2700 and admissions.admission_location = 'emergency room admit' and strftime('%y',admissions.admittime) <= '2104'",select count(*) > 0 as answer from <SCHEMA>.visit_occurrence v join <SCHEMA>.person p on p.person_id = v.person_id where p.person_source_value = {patient_id} {source_value_filter:emergency_room:v.visit_source_value} {time_filter_global1:v.visit_start_date},time_filter_global1,time_filter_global1: abs-year-since | rel-hosp-last | rel-year-last | rel-year-this,patient_id,4,5,NO,low,,
ehrsql_098,list the hospital admission time of patient {patient_id} [time_filter_global1].,select v.visit_start_datetime as answer from <SCHEMA>.visit_occurrence v join <SCHEMA>.person p on p.person_id = v.person_id where p.person_source_value = {patient_id} {time_filter_global1:v.visit_start_date} order by v.visit_start_datetime,What was the time of patient 25312's hospital admission since 4 years ago?,"select admissions.admittime from admissions where admissions.subject_id = 51577 and strftime('%y',admissions.admittime) <= '2104'",select v.visit_start_datetime as answer from <SCHEMA>.visit_occurrence v join <SCHEMA>.person p on p.person_id = v.person_id where p.person_source_value = {patient_id} {time_filter_global1:v.visit_start_date} order by v.visit_start_datetime,time_filter_global1,time_filter_global1: abs-year-in | abs-year-since | rel-year-since | rel-year-this,patient_id,4,5,NO,low,,
ehrsql_104,count the number of hospital visits of patient {patient_id} [time_filter_global1].,select count(distinct v.visit_occurrence_id) from <SCHEMA>.visit_occurrence v join <SCHEMA>.person p on p.person_id = v.person_id where p.person_source_value = {patient_id} {time_filter_global1:v.visit_start_date},How many hospital visits did patient 26350 have last year?,"select count( distinct admissions.hadm_id ) from admissions where admissions.subject_id = 70169 and strftime('%y',admissions.admittime) >= '2105'",select count(distinct v.visit_occurrence_id) from <SCHEMA>.visit_occurrence v join <SCHEMA>.person p on p.person_id = v.person_id where p.person_source_value = {patient_id} {time_filter_global1:v.visit_start_date},time_filter_global1,time_filter_global1: abs-year-since | rel-year-last | rel-year-this | rel-year-until,patient_id,4,7,NO,low,,
ehrsql_020,how many [unit_count] have passed since patient {patient_id} was admitted to the icu currently?,"select {unit_count_between:vd.visit_detail_start_datetime,{anchor_timestamp}} as answer from <SCHEMA>.visit_detail vd join <SCHEMA>.person p on p.person_id = vd.person_id where p.person_source_value = {patient_id} and vd.visit_detail_start_datetime <= {anchor_timestamp} and coalesce(vd.visit_detail_end_datetime, {anchor_timestamp}) >= {anchor_timestamp} {source_value_filter:icu_visit:vd.visit_detail_source_value}",How many days have passed since patient 1561 was admitted to the ICU?,"select 1 * ( strftime('%j',current_time) - strftime('%j',icustays.intime) ) from icustays where icustays.hadm_id in ( select admissions.hadm_id from admissions where admissions.subject_id = 65582 ) and icustays.outtime is null","select {unit_count_between:vd.visit_detail_start_datetime,{anchor_timestamp}} as answer from <SCHEMA>.visit_detail vd join <SCHEMA>.person p on p.person_id = vd.person_id where p.person_source_value = {patient_id} and vd.visit_detail_start_datetime <= {anchor_timestamp} and coalesce(vd.visit_detail_end_datetime, {anchor_timestamp}) >= {anchor_timestamp} {source_value_filter:icu_visit:vd.visit_detail_source_value}",unit_count,unit_count: days | hours,patient_id,2,4,NO,low,,current visit simulated with anchor containment at 2215-01-16
ehrsql_019,how many [unit_count] have passed since patient {patient_id} was admitted to the hospital currently?,"select {unit_count_between:v.visit_start_datetime,{anchor_timestamp}} as answer from <SCHEMA>.visit_occurrence v join <SCHEMA>.person p on p.person_id = v.person_id where p.person_source_value = {patient_id} and v.visit_start_datetime <= {anchor_timestamp} and coalesce(v.visit_end_datetime, {anchor_timestamp}) >= {anchor_timestamp}",How many hours have passed since patient 55360 was admitted to the hospital?,"select 1 * ( strftime('%j',current_time) - strftime('%j',admissions.admittime) ) from admissions where admissions.subject_id = 83062 and admissions.dischtime is null","select {unit_count_between:v.visit_start_datetime,{anchor_timestamp}} as answer from <SCHEMA>.visit_occurrence v join <SCHEMA>.person p on p.person_id = v.person_id where p.person_source_value = {patient_id} and v.visit_start_datetime <= {anchor_timestamp} and coalesce(v.visit_end_datetime, {anchor_timestamp}) >= {anchor_timestamp}",unit_count,unit_count: hours,patient_id,1,4,NO,low,,current visit simulated with anchor containment at 2215-01-16
ehrsql_127,count the number of patients who stayed in ward {ward_id} [time_filter_global1].,select count(distinct vd.person_id) from <SCHEMA>.visit_detail vd where 1=1 {care_site_filter:ward_id:vd.care_site_id} {time_filter_global1:vd.visit_detail_start_date},What was the total number of patients in ward 36?,"select count( distinct admissions.subject_id ) from admissions where admissions.hadm_id in ( select transfers.hadm_id from transfers where transfers.wardid = 49 and datetime(transfers.intime,'start of year') = datetime(current_time,'start of year','-1 year') )",select count(distinct vd.person_id) from <SCHEMA>.visit_detail vd where 1=1 {care_site_filter:ward_id:vd.care_site_id} {time_filter_global1:vd.visit_detail_start_date},time_filter_global1,time_filter_global1: abs-year-in | abs-year-until | null | rel-year-until,ward_id,4,6,NO,low,,
ehrsql_128,count the number of patients who stayed in careunit {careunit} [time_filter_global1].,select count(distinct vd.person_id) from <SCHEMA>.visit_detail vd where 1=1 {care_site_filter:careunit:vd.care_site_id} {time_filter_global1:vd.visit_detail_start_date},How many patients are in hospital care unit CCU since 1 year ago?,"select count( distinct admissions.subject_id ) from admissions where admissions.hadm_id in ( select transfers.hadm_id from transfers where transfers.careunit = 'tsicu' and datetime(transfers.intime) <= datetime(current_time,'-2 year') )",select count(distinct vd.person_id) from <SCHEMA>.visit_detail vd where 1=1 {care_site_filter:careunit:vd.care_site_id} {time_filter_global1:vd.visit_detail_start_date},time_filter_global1,time_filter_global1: abs-year-until | rel-year-since | rel-year-this,careunit,3,3,NO,low,,
ehrsql_057,when was the [time_filter_exact1] hospital admission time of patient {patient_id} [time_filter_global1]?,select v.visit_start_datetime as answer from <SCHEMA>.visit_occurrence v join <SCHEMA>.person p on p.person_id = v.person_id where p.person_source_value = {patient_id} {time_filter_global1:v.visit_start_date} {time_filter_exact1:v.visit_start_datetime},"Since 2102, what was the first hospital admission time for patient 29410?","select admissions.admittime from admissions where admissions.subject_id = 16549 and strftime('%y',admissions.admittime) <= '2104' order by admissions.admittime asc limit 1",select v.visit_start_datetime as answer from <SCHEMA>.visit_occurrence v join <SCHEMA>.person p on p.person_id = v.person_id where p.person_source_value = {patient_id} {time_filter_global1:v.visit_start_date} {time_filter_exact1:v.visit_start_datetime},time_filter_exact1; time_filter_global1,time_filter_exact1: exact-first | exact-last; time_filter_global1: abs-year-since | abs-year-until | null | rel-year-this | rel-year-until,patient_id,8,8,NO,low,,
ehrsql_028,what was the [time_filter_exact1] ward of patient {patient_id} [time_filter_global1]?,"select coalesce(cs.care_site_name, vd.visit_detail_source_value) as answer from <SCHEMA>.visit_detail vd left join <SCHEMA>.care_site cs on cs.care_site_id = vd.care_site_id join <SCHEMA>.person p on p.person_id = vd.person_id where p.person_source_value = {patient_id} {source_value_filter:ward:vd.visit_detail_source_value} {time_filter_global1:vd.visit_detail_start_date} {time_filter_exact1:vd.visit_detail_start_datetime}",Tell me the last ward ID patient 16169 got in their last hospital encounter.,"select transfers.wardid from transfers where transfers.hadm_id in ( select admissions.hadm_id from admissions where admissions.subject_id = 99135 ) and transfers.wardid is not null and datetime(transfers.intime,'start of year') = datetime(current_time,'start of year','-1 year') order by transfers.intime desc limit 1","select coalesce(cs.care_site_name, vd.visit_detail_source_value) as answer from <SCHEMA>.visit_detail vd left join <SCHEMA>.care_site cs on cs.care_site_id = vd.care_site_id join <SCHEMA>.person p on p.person_id = vd.person_id where p.person_source_value = {patient_id} {source_value_filter:ward:vd.visit_detail_source_value} {time_filter_global1:vd.visit_detail_start_date} {time_filter_exact1:vd.visit_detail_start_datetime}",time_filter_exact1; time_filter_global1,time_filter_exact1: exact-first | exact-last; time_filter_global1: abs-year-in | rel-hosp-cur | rel-hosp-last | rel-year-this,patient_id,4,4,NO,low,,
ehrsql_029,what was the [time_filter_exact1] careunit of patient {patient_id} [time_filter_global1]?,"select coalesce(cs.care_site_name, vd.visit_detail_source_value) as answer from <SCHEMA>.visit_detail vd left join <SCHEMA>.care_site cs on cs.care_site_id = vd.care_site_id join <SCHEMA>.person p on p.person_id = vd.person_id where p.person_source_value = {patient_id} {source_value_filter:careunit:vd.visit_detail_source_value} {time_filter_global1:vd.visit_detail_start_date} {time_filter_exact1:vd.visit_detail_start_datetime}",What was the first ID of the care unit for patient 25461 on their first hospital encounter?,select transfers.careunit from transfers where transfers.hadm_id in ( select admissions.hadm_id from admissions where admissions.subject_id = 7375 ) and transfers.careunit is not null order by transfers.intime asc limit 1,"select coalesce(cs.care_site_name, vd.visit_detail_source_value) as answer from <SCHEMA>.visit_detail vd left join <SCHEMA>.care_site cs on cs.care_site_id = vd.care_site_id join <SCHEMA>.person p on p.person_id = vd.person_id where p.person_source_value = {patient_id} {source_value_filter:careunit:vd.visit_detail_source_value} {time_filter_global1:vd.visit_detail_start_date} {time_filter_exact1:vd.visit_detail_start_datetime}",time_filter_exact1; time_filter_global1,time_filter_exact1: exact-first | exact-last; time_filter_global1: null | rel-hosp-first | rel-hosp-last | rel-year-this,patient_id,4,4,NO,low,,
ehrsql_027,what was the [time_filter_exact1] hospital admission type of patient {patient_id} [time_filter_global1]?,"select coalesce(c.concept_name, v.visit_source_value) as answer from <SCHEMA>.visit_occurrence v left join <SCHEMA>.concept c on c.concept_id = v.visit_concept_id join <SCHEMA>.person p on p.person_id = v.person_id where p.person_source_value = {patient_id} {time_filter_global1:v.visit_start_date} {time_filter_exact1:v.visit_start_datetime}",What was the last type of hospital admission for patient 18678 last year?,"select admissions.admission_type from admissions where admissions.subject_id = 9297 and strftime('%y',admissions.admittime) >= '2101' order by admissions.admittime desc limit 1","select coalesce(c.concept_name, v.visit_source_value) as answer from <SCHEMA>.visit_occurrence v left join <SCHEMA>.concept c on c.concept_id = v.visit_concept_id join <SCHEMA>.person p on p.person_id = v.person_id where p.person_source_value = {patient_id} {time_filter_global1:v.visit_start_date} {time_filter_exact1:v.visit_start_datetime}",time_filter_exact1; time_filter_global1,time_filter_exact1: exact-first | exact-last; time_filter_global1: abs-year-until | null | rel-year-last | rel-year-until,patient_id,5,5,NO,low,,
ehrsql_059,when was the [time_filter_exact1] hospital discharge time of patient {patient_id} [time_filter_global1]?,select v.visit_end_datetime as answer from <SCHEMA>.visit_occurrence v join <SCHEMA>.person p on p.person_id = v.person_id where p.person_source_value = {patient_id} and v.visit_end_datetime is not null {time_filter_global1:v.visit_end_date} {time_filter_exact1:v.visit_end_datetime},"What was the first time patient 30987 was discharged from the hospital, since 2104?","select admissions.dischtime from admissions where admissions.dischtime is not null and admissions.subject_id = 95088 and datetime(admissions.dischtime,'start of year') = datetime(current_time,'start of year','-1 year') order by admissions.dischtime desc limit 1",select v.visit_end_datetime as answer from <SCHEMA>.visit_occurrence v join <SCHEMA>.person p on p.person_id = v.person_id where p.person_source_value = {patient_id} and v.visit_end_datetime is not null {time_filter_global1:v.visit_end_date} {time_filter_exact1:v.visit_end_datetime},time_filter_exact1; time_filter_global1,time_filter_exact1: exact-first | exact-last; time_filter_global1: abs-year-in | abs-year-since | rel-year-last | rel-year-this | rel-year-until,patient_id,6,7,NO,low,,
ehrsql_058,when was the [time_filter_exact1] hospital admission time that patient {patient_id} was admitted via {admission_route} [time_filter_global1]?,select v.visit_start_datetime as answer from <SCHEMA>.visit_occurrence v join <SCHEMA>.person p on p.person_id = v.person_id where p.person_source_value = {patient_id} {source_value_filter:admission_route:v.admitting_source_value} {time_filter_global1:v.visit_start_date} {time_filter_exact1:v.visit_start_datetime},"When was the first hospital admission time for patient 27656, admitted via emergency room admit, until 2 years ago?",select admissions.admittime from admissions where admissions.subject_id = 21302 and admissions.admission_location = 'transfer from hosp/extram' order by admissions.admittime desc limit 1,select v.visit_start_datetime as answer from <SCHEMA>.visit_occurrence v join <SCHEMA>.person p on p.person_id = v.person_id where p.person_source_value = {patient_id} {source_value_filter:admission_route:v.admitting_source_value} {time_filter_global1:v.visit_start_date} {time_filter_exact1:v.visit_start_datetime},time_filter_exact1; time_filter_global1,time_filter_exact1: exact-first | exact-last; time_filter_global1: abs-year-in | abs-year-since | rel-year-last | rel-year-since | rel-year-this | rel-year-until,admission_route; patient_id,6,10,NO,low,,
ehrsql_022,how many [unit_count] have passed since the [time_filter_exact1] time patient {patient_id} stayed in ward {ward_id} on the current hospital visit?,"select {unit_count_between:vd.visit_detail_start_datetime,{anchor_timestamp}} as answer from <SCHEMA>.visit_detail vd join <SCHEMA>.visit_occurrence v on v.visit_occurrence_id = vd.visit_occurrence_id join <SCHEMA>.person p on p.person_id = v.person_id where p.person_source_value = {patient_id} and v.visit_start_datetime <= {anchor_timestamp} and coalesce(v.visit_end_datetime, {anchor_timestamp}) >= {anchor_timestamp} {care_site_filter:ward_id:vd.care_site_id} {time_filter_exact1:vd.visit_detail_start_datetime}",How many hours have passed since patient 12927 last visited Ward 23 during the current hospital visit?,"select 24 * ( strftime('%j',current_time) - strftime('%j',transfers.intime) ) from transfers where transfers.icustay_id in ( select icustays.icustay_id from icustays where icustays.hadm_id in ( select admissions.hadm_id from admissions where admissions.subject_id = 17667 and admissions.dischtime is null ) ) and transfers.wardid = 23 order by transfers.intime desc limit 1","select {unit_count_between:vd.visit_detail_start_datetime,{anchor_timestamp}} as answer from <SCHEMA>.visit_detail vd join <SCHEMA>.visit_occurrence v on v.visit_occurrence_id = vd.visit_occurrence_id join <SCHEMA>.person p on p.person_id = v.person_id where p.person_source_value = {patient_id} and v.visit_start_datetime <= {anchor_timestamp} and coalesce(v.visit_end_datetime, {anchor_timestamp}) >= {anchor_timestamp} {care_site_filter:ward_id:vd.care_site_id} {time_filter_exact1:vd.visit_detail_start_datetime}",unit_count; time_filter_exact1,time_filter_exact1: exact-first | exact-last; unit_count: days | hours,patient_id; ward_id,3,10,NO,low,,current visit simulated with anchor containment at 2215-01-16
ehrsql_021,how many [unit_count] have passed since the [time_filter_exact1] time patient {patient_id} stayed in careunit {careunit} on the current hospital visit?,"select {unit_count_between:vd.visit_detail_start_datetime,{anchor_timestamp}} as answer from <SCHEMA>.visit_detail vd join <SCHEMA>.visit_occurrence v on v.visit_occurrence_id = vd.visit_occurrence_id join <SCHEMA>.person p on p.person_id = v.person_id where p.person_source_value = {patient_id} and v.visit_start_datetime <= {anchor_timestamp} and coalesce(v.visit_end_datetime, {anchor_timestamp}) >= {anchor_timestamp} {care_site_filter:careunit:vd.care_site_id} {time_filter_exact1:vd.visit_detail_start_datetime}",How many hours have passed since the last stay of patient 55360 in the CCU during this hospital encounter?,"select 24 * ( strftime('%j',current_time) - strftime('%j',transfers.intime) ) from transfers where transfers.hadm_id in ( select admissions.hadm_id from admissions where admissions.subject_id = 71689 and admissions.dischtime is null ) and transfers.careunit = 'sicu' order by transfers.intime asc limit 1","select {unit_count_between:vd.visit_detail_start_datetime,{anchor_timestamp}} as answer from <SCHEMA>.visit_detail vd join <SCHEMA>.visit_occurrence v on v.visit_occurrence_id = vd.visit_occurrence_id join <SCHEMA>.person p on p.person_id = v.person_id where p.person_source_value = {patient_id} and v.visit_start_datetime <= {anchor_timestamp} and coalesce(v.visit_end_datetime, {anchor_timestamp}) >= {anchor_timestamp} {care_site_filter:careunit:vd.care_site_id} {time_filter_exact1:vd.visit_detail_start_datetime}",unit_count; time_filter_exact1,time_filter_exact1: exact-first | exact-last; unit_count: days | hours,careunit; patient_id,4,9,NO,low,,current visit simulated with anchor containment at 2215-01-16
ehrsql_023,how many [unit_count] have passed since the [time_filter_exact1] time patient {patient_id} was diagnosed with {diagnosis_name} on the current hospital visit?,"select {unit_count_between:co.condition_start_datetime,{anchor_timestamp}} as answer from <SCHEMA>.condition_occurrence co join <SCHEMA>.visit_occurrence v on v.visit_occurrence_id = co.visit_occurrence_id join <SCHEMA>.person p on p.person_id = co.person_id where p.person_source_value = {patient_id} and v.visit_start_datetime <= {anchor_timestamp} and coalesce(v.visit_end_datetime, {anchor_timestamp}) >= {anchor_timestamp} {condition_filter:diagnosis_name:co.condition_concept_id} {time_filter_exact1:co.condition_start_datetime}",How many hours have passed since the first time patient 81461 was diagnosed with mitral/aortic val insuff during their current hospital visit?,"select 1 * ( strftime('%j',current_time) - strftime('%j',diagnoses_icd.charttime) ) from diagnoses_icd where diagnoses_icd.icd9_code = ( select d_icd_diagnoses.icd9_code from d_icd_diagnoses where d_icd_diagnoses.short_title = 'hepatic encephalopathy' ) and diagnoses_icd.hadm_id in ( select admissions.hadm_id from admissions where admissions.subject_id = 55360 and admissions.dischtime is null ) order by diagnoses_icd.charttime asc limit 1","select {unit_count_between:co.condition_start_datetime,{anchor_timestamp}} as answer from <SCHEMA>.condition_occurrence co join <SCHEMA>.visit_occurrence v on v.visit_occurrence_id = co.visit_occurrence_id join <SCHEMA>.person p on p.person_id = co.person_id where p.person_source_value = {patient_id} and v.visit_start_datetime <= {anchor_timestamp} and coalesce(v.visit_end_datetime, {anchor_timestamp}) >= {anchor_timestamp} {condition_filter:diagnosis_name:co.condition_concept_id} {time_filter_exact1:co.condition_start_datetime}",unit_count; time_filter_exact1,time_filter_exact1: exact-first | exact-last; unit_count: days | hours,diagnosis_name; patient_id,4,9,NO,low,,current visit simulated with anchor containment at 2215-01-16
ehrsql_024,how many [unit_count] have passed since the [time_filter_exact1] time patient {patient_id} was prescribed {drug_name} on the current hospital visit?,"select {unit_count_between:de.drug_exposure_start_datetime,{anchor_timestamp}} as answer from <SCHEMA>.drug_exposure de join <SCHEMA>.visit_occurrence v on v.visit_occurrence_id = de.visit_occurrence_id join <SCHEMA>.person p on p.person_id = de.person_id where p.person_source_value = {patient_id} and v.visit_start_datetime <= {anchor_timestamp} and coalesce(v.visit_end_datetime, {anchor_timestamp}) >= {anchor_timestamp} {drug_filter:drug_name:de.drug_concept_id} {time_filter_exact1:de.drug_exposure_start_datetime}",How many hours have passed since the last time patient 83062 had calcium gluconate prescribed during the current hospital visit?,"select 24 * ( strftime('%j',current_time) - strftime('%j',prescriptions.startdate) ) from prescriptions where prescriptions.hadm_id in ( select admissions.hadm_id from admissions where admissions.subject_id = 96833 and admissions.dischtime is null ) and prescriptions.drug = 'acetazolamide sodium' order by prescriptions.startdate asc limit 1","select {unit_count_between:de.drug_exposure_start_datetime,{anchor_timestamp}} as answer from <SCHEMA>.drug_exposure de join <SCHEMA>.visit_occurrence v on v.visit_occurrence_id = de.visit_occurrence_id join <SCHEMA>.person p on p.person_id = de.person_id where p.person_source_value = {patient_id} and v.visit_start_datetime <= {anchor_timestamp} and coalesce(v.visit_end_datetime, {anchor_timestamp}) >= {anchor_timestamp} {drug_filter:drug_name:de.drug_concept_id} {time_filter_exact1:de.drug_exposure_start_datetime}",unit_count; time_filter_exact1,time_filter_exact1: exact-first | exact-last; unit_count: days | hours,drug_name; patient_id,3,10,NO,low,,current visit simulated with anchor containment at 2215-01-16
ehrsql_168,how many [unit_count] have passed since the [time_filter_exact1] time patient {patient_id} received a procedure on the current hospital visit?,"select {unit_count_between:po.procedure_datetime,{anchor_timestamp}} as answer from <SCHEMA>.procedure_occurrence po join <SCHEMA>.visit_occurrence v on v.visit_occurrence_id = po.visit_occurrence_id join <SCHEMA>.person p on p.person_id = po.person_id where p.person_source_value = {patient_id} and v.visit_start_datetime <= {anchor_timestamp} and coalesce(v.visit_end_datetime, {anchor_timestamp}) >= {anchor_timestamp} {time_filter_exact1:po.procedure_datetime}",,,"select {unit_count_between:po.procedure_datetime,{anchor_timestamp}} as answer from <SCHEMA>.procedure_occurrence po join <SCHEMA>.visit_occurrence v on v.visit_occurrence_id = po.visit_occurrence_id join <SCHEMA>.person p on p.person_id = po.person_id where p.person_source_value = {patient_id} and v.visit_start_datetime <= {anchor_timestamp} and coalesce(v.visit_end_datetime, {anchor_timestamp}) >= {anchor_timestamp} {time_filter_exact1:po.procedure_datetime}",NONE,NONE,NONE,0,0,NO,low,,current visit simulated with anchor containment at 2215-01-16
ehrsql_169,how many [unit_count] have passed since the [time_filter_exact1] time patient {patient_id} received a {procedure_name} procedure on the current hospital visit?,"select {unit_count_between:po.procedure_datetime,{anchor_timestamp}} as answer from <SCHEMA>.procedure_occurrence po join <SCHEMA>.visit_occurrence v on v.visit_occurrence_id = po.visit_occurrence_id join <SCHEMA>.person p on p.person_id = po.person_id where p.person_source_value = {patient_id} and v.visit_start_datetime <= {anchor_timestamp} and coalesce(v.visit_end_datetime, {anchor_timestamp}) >= {anchor_timestamp} {procedure_filter:procedure_name:po.procedure_concept_id} {time_filter_exact1:po.procedure_datetime}",,,"select {unit_count_between:po.procedure_datetime,{anchor_timestamp}} as answer from <SCHEMA>.procedure_occurrence po join <SCHEMA>.visit_occurrence v on v.visit_occurrence_id = po.visit_occurrence_id join <SCHEMA>.person p on p.person_id = po.person_id where p.person_source_value = {patient_id} and v.visit_start_datetime <= {anchor_timestamp} and coalesce(v.visit_end_datetime, {anchor_timestamp}) >= {anchor_timestamp} {procedure_filter:procedure_name:po.procedure_concept_id} {time_filter_exact1:po.procedure_datetime}",NONE,NONE,NONE,0,0,NO,low,,current visit simulated with anchor containment at 2215-01-16
ehrsql_026,how many [unit_count] have passed since the [time_filter_exact1] time patient {patient_id} had a {intake_name} intake on the current icu visit?,"select {unit_count_between:m.measurement_datetime,{anchor_timestamp}} as answer from <SCHEMA>.measurement m join <SCHEMA>.visit_detail vd on vd.visit_detail_id = m.visit_detail_id join <SCHEMA>.person p on p.person_id = m.person_id where p.person_source_value = {patient_id} and vd.visit_detail_start_datetime <= {anchor_timestamp} and coalesce(vd.visit_detail_end_datetime, {anchor_timestamp}) >= {anchor_timestamp} {measurement_filter:intake_name:m.measurement_concept_id} {time_filter_exact1:m.measurement_datetime}",How many days have elapsed since the last time patient 18866 took an or crystalloid intake during the current intensive care unit visit?,"select 24 * ( strftime('%j',current_time) - strftime('%j',inputevents_cv.charttime) ) from inputevents_cv where inputevents_cv.icustay_id in ( select icustays.icustay_id from icustays where icustays.hadm_id in ( select admissions.hadm_id from admissions where admissions.subject_id = 1902 ) and icustays.outtime is null ) and inputevents_cv.itemid in ( select d_items.itemid from d_items where d_items.label = 'd5ns' and d_items.linksto = 'inputevents_cv' ) order by inputevents_cv.charttime desc limit 1","select {unit_count_between:m.measurement_datetime,{anchor_timestamp}} as answer from <SCHEMA>.measurement m join <SCHEMA>.visit_detail vd on vd.visit_detail_id = m.visit_detail_id join <SCHEMA>.person p on p.person_id = m.person_id where p.person_source_value = {patient_id} and vd.visit_detail_start_datetime <= {anchor_timestamp} and coalesce(vd.visit_detail_end_datetime, {anchor_timestamp}) >= {anchor_timestamp} {measurement_filter:intake_name:m.measurement_concept_id} {time_filter_exact1:m.measurement_datetime}",unit_count; time_filter_exact1,time_filter_exact1: exact-first | exact-last; unit_count: days | hours,intake_name; patient_id,3,8,NO,low,,current visit simulated with anchor containment at 2215-01-16
ehrsql_025,how many [unit_count] have passed since the [time_filter_exact1] time patient {patient_id} received a {lab_name} lab test on the current hospital visit?,"select {unit_count_between:m.measurement_datetime,{anchor_timestamp}} as answer from <SCHEMA>.measurement m join <SCHEMA>.visit_occurrence v on v.visit_occurrence_id = m.visit_occurrence_id join <SCHEMA>.person p on p.person_id = m.person_id where p.person_source_value = {patient_id} and v.visit_start_datetime <= {anchor_timestamp} and coalesce(v.visit_end_datetime, {anchor_timestamp}) >= {anchor_timestamp} {measurement_filter:lab_name:m.measurement_concept_id} {time_filter_exact1:m.measurement_datetime}",How many days have elapsed since the last time patient 18866 had a C-reactive protein lab test during their current hospital visit?,"select 24 * ( strftime('%j',current_time) - strftime('%j',labevents.charttime) ) from labevents where labevents.itemid in ( select d_labitems.itemid from d_labitems where d_labitems.label = 'glucose' ) and labevents.hadm_id in ( select admissions.hadm_id from admissions where admissions.subject_id = 53176 and admissions.dischtime is null ) order by labevents.charttime desc limit 1","select {unit_count_between:m.measurement_datetime,{anchor_timestamp}} as answer from <SCHEMA>.measurement m join <SCHEMA>.visit_occurrence v on v.visit_occurrence_id = m.visit_occurrence_id join <SCHEMA>.person p on p.person_id = m.person_id where p.person_source_value = {patient_id} and v.visit_start_datetime <= {anchor_timestamp} and coalesce(v.visit_end_datetime, {anchor_timestamp}) >= {anchor_timestamp} {measurement_filter:lab_name:m.measurement_concept_id} {time_filter_exact1:m.measurement_datetime}",unit_count; time_filter_exact1,time_filter_exact1: exact-first | exact-last; unit_count: days | hours,lab_name; patient_id,4,10,NO,low,,current visit simulated with anchor containment at 2215-01-16
ehrsql_130,count the number of patients who were diagnosed with {diagnosis_name} [time_filter_global1].,select count(distinct co.person_id) from <SCHEMA>.condition_occurrence co where 1=1 {condition_filter:diagnosis_name:co.condition_concept_id} {time_filter_global1:co.condition_start_date},How many patients have received a diagnosis of lymph/hematpoitc tis nec necrosis in 2102?,select count( distinct admissions.subject_id ) from admissions where admissions.hadm_id in ( select diagnoses_icd.hadm_id from diagnoses_icd where diagnoses_icd.icd9_code = ( select d_icd_diagnoses.icd9_code from d_icd_diagnoses where d_icd_diagnoses.short_title = 'popliteal synovial cyst' ) ),select count(distinct co.person_id) from <SCHEMA>.condition_occurrence co where 1=1 {condition_filter:diagnosis_name:co.condition_concept_id} {time_filter_global1:co.condition_start_date},time_filter_global1,time_filter_global1: abs-year-in | abs-year-since | rel-year-since | rel-year-this | rel-year-until,diagnosis_name,5,6,NO,low,,
ehrsql_084,has_verb patient {patient_id} received any diagnosis [time_filter_global1]?,select count(*) > 0 as answer from <SCHEMA>.condition_occurrence co join <SCHEMA>.person p on p.person_id = co.person_id where p.person_source_value = {patient_id} {time_filter_global1:co.condition_start_date},"During this hospital visit, has patient 27172 been diagnosed with anything?","select count(*)>0 from diagnoses_icd where diagnoses_icd.hadm_id in ( select admissions.hadm_id from admissions where admissions.subject_id = 30228 ) and datetime(diagnoses_icd.charttime,'start of year') = datetime(current_time,'start of year','-0 year')",select count(*) > 0 as answer from <SCHEMA>.condition_occurrence co join <SCHEMA>.person p on p.person_id = co.person_id where p.person_source_value = {patient_id} {time_filter_global1:co.condition_start_date},time_filter_global1,time_filter_global1: abs-year-in | null | rel-hosp-cur | rel-hosp-first | rel-year-last,patient_id,5,6,NO,low,,
ehrsql_121,list the ids of patients diagnosed with {diagnosis_name} [time_filter_global1].,select distinct co.person_id from <SCHEMA>.condition_occurrence co where 1=1 {condition_filter:diagnosis_name:co.condition_concept_id} {time_filter_global1:co.condition_start_date},Can you retrieve the patient IDs of those diagnosed with memory loss?,select admissions.subject_id from admissions where admissions.hadm_id in ( select diagnoses_icd.hadm_id from diagnoses_icd where diagnoses_icd.icd9_code = ( select d_icd_diagnoses.icd9_code from d_icd_diagnoses where d_icd_diagnoses.short_title = 'tot anom pulm ven connec' ) ),select distinct co.person_id from <SCHEMA>.condition_occurrence co where 1=1 {condition_filter:diagnosis_name:co.condition_concept_id} {time_filter_global1:co.condition_start_date},time_filter_global1,time_filter_global1: abs-year-in | abs-year-since | abs-year-until | null | rel-year-last | rel-year-since | rel-year-this | rel-year-until,diagnosis_name,8,13,NO,low,,
ehrsql_085,has_verb patient {patient_id} been diagnosed with {diagnosis_name} [time_filter_global1]?,select count(*) > 0 as answer from <SCHEMA>.condition_occurrence co join <SCHEMA>.person p on p.person_id = co.person_id where p.person_source_value = {patient_id} {condition_filter:diagnosis_name:co.condition_concept_id} {time_filter_global1:co.condition_start_date},Was patient 17505 diagnosed with ac embl suprfcl up ext?,"select count(*)>0 from diagnoses_icd where diagnoses_icd.icd9_code = ( select d_icd_diagnoses.icd9_code from d_icd_diagnoses where d_icd_diagnoses.short_title = 'delirium d/t other cond' ) and diagnoses_icd.hadm_id in ( select admissions.hadm_id from admissions where admissions.subject_id = 30763 ) and datetime(diagnoses_icd.charttime) <= datetime(current_time,'-1 year')",select count(*) > 0 as answer from <SCHEMA>.condition_occurrence co join <SCHEMA>.person p on p.person_id = co.person_id where p.person_source_value = {patient_id} {condition_filter:diagnosis_name:co.condition_concept_id} {time_filter_global1:co.condition_start_date},time_filter_global1,time_filter_global1: abs-year-since | null | rel-hosp-cur | rel-year-since | rel-year-until,diagnosis_name; patient_id,5,12,NO,low,,
ehrsql_032,what was the name of the diagnosis that patient {patient_id} [time_filter_exact1] received [time_filter_global1]?,select c.concept_name as answer from <SCHEMA>.condition_occurrence co join <SCHEMA>.concept c on c.concept_id = co.condition_concept_id join <SCHEMA>.person p on p.person_id = co.person_id where p.person_source_value = {patient_id} {time_filter_global1:co.condition_start_date} {time_filter_exact1:co.condition_start_datetime},What was the last diagnosis recorded for patient 19427 in 2105?,select d_icd_diagnoses.short_title from d_icd_diagnoses where d_icd_diagnoses.icd9_code in ( select diagnoses_icd.icd9_code from diagnoses_icd where diagnoses_icd.hadm_id in ( select admissions.hadm_id from admissions where admissions.subject_id = 8204 ) order by diagnoses_icd.charttime asc limit 1 ),select c.concept_name as answer from <SCHEMA>.condition_occurrence co join <SCHEMA>.concept c on c.concept_id = co.condition_concept_id join <SCHEMA>.person p on p.person_id = co.person_id where p.person_source_value = {patient_id} {time_filter_global1:co.condition_start_date} {time_filter_exact1:co.condition_start_datetime},time_filter_exact1; time_filter_global1,time_filter_exact1: exact-last; time_filter_global1: abs-year-in | abs-year-since | null | rel-hosp-first | rel-year-since,patient_id,5,6,NO,low,,
ehrsql_061,when was the [time_filter_exact1] time that patient {patient_id} was diagnosed with {diagnosis_name} [time_filter_global1]?,select co.condition_start_datetime as answer from <SCHEMA>.condition_occurrence co join <SCHEMA>.person p on p.person_id = co.person_id where p.person_source_value = {patient_id} {condition_filter:diagnosis_name:co.condition_concept_id} {time_filter_global1:co.condition_start_date} {time_filter_exact1:co.condition_start_datetime},When was patient 11579 diagnosed with anemia in neoplastic disease for the first time since 2 years ago?,select diagnoses_icd.charttime from diagnoses_icd where diagnoses_icd.icd9_code = ( select d_icd_diagnoses.icd9_code from d_icd_diagnoses where d_icd_diagnoses.short_title = 'nb obsrv suspct infect' ) and diagnoses_icd.hadm_id in ( select admissions.hadm_id from admissions where admissions.subject_id = 62918 and admissions.dischtime is not null order by admissions.admittime asc limit 1 ) order by diagnoses_icd.charttime asc limit 1,select co.condition_start_datetime as answer from <SCHEMA>.condition_occurrence co join <SCHEMA>.person p on p.person_id = co.person_id where p.person_source_value = {patient_id} {condition_filter:diagnosis_name:co.condition_concept_id} {time_filter_global1:co.condition_start_date} {time_filter_exact1:co.condition_start_datetime},time_filter_exact1; time_filter_global1,time_filter_exact1: exact-first | exact-last; time_filter_global1: abs-year-until | rel-year-since | rel-year-this,diagnosis_name; patient_id,3,8,NO,low,,
ehrsql_124,count the number of patients who did not come back to the hospital [time_filter_within] after diagnosed with {diagnosis_name} [time_filter_global1].,"with index_condition as (select distinct co.person_id, co.condition_start_date as index_date from <SCHEMA>.condition_occurrence co where 1=1 {condition_filter:diagnosis_name:co.condition_concept_id} {time_filter_global1:co.condition_start_date}) select count(distinct ic.person_id) from index_condition ic where not exists (select 1 from <SCHEMA>.visit_occurrence v where v.person_id = ic.person_id and v.visit_start_date > ic.index_date {time_filter_within:v.visit_start_date,ic.index_date})",Can you tell me the number of patients who were diagnosed with acute coronary syndrome with ac on chr syst hrt fail and did not return to the hospital within the same month since 2105?,"select ( select count( distinct t1.subject_id ) from ( select admissions.subject_id, diagnoses_icd.charttime from diagnoses_icd join admissions on diagnoses_icd.hadm_id = admissions.hadm_id where diagnoses_icd.icd9_code = ( select d_icd_diagnoses.icd9_code from d_icd_diagnoses where d_icd_diagnoses.short_title = 'hyperpotassemia' ) and strftime('%y',diagnoses_icd.charttime) = '2100' ) as t1 ) - ( select count( distinct t2.subject_id ) from ( select admissions.subject_id, diagnoses_icd.charttime from diagnoses_icd join admissions on diagnoses_icd.hadm_id = admissions.hadm_id where diagnoses_icd.icd9_code = ( select d_icd_diagnoses.icd9_code from d_icd_diagnoses where d_icd_diagnoses.short_title = 'hyperpotassemia' ) and strftime('%y',diagnoses_icd.charttime) = '2100' ) as t2 join admissions on t2.subject_id = admissions.subject_id where t2.charttime < admissions.admittime and strftime('%y',admissions.admittime) = '2100' and datetime(t2.charttime,'start of month') = datetime(admissions.admittime,'start of month') )","with index_condition as (select distinct co.person_id, co.condition_start_date as index_date from <SCHEMA>.condition_occurrence co where 1=1 {condition_filter:diagnosis_name:co.condition_concept_id} {time_filter_global1:co.condition_start_date}) select count(distinct ic.person_id) from index_condition ic where not exists (select 1 from <SCHEMA>.visit_occurrence v where v.person_id = ic.person_id and v.visit_start_date > ic.index_date {time_filter_within:v.visit_start_date,ic.index_date})",time_filter_within; time_filter_global1,time_filter_global1: abs-year-in | abs-year-since | null | rel-year-until; time_filter_within: within-month | within-n_month,diagnosis_name,5,5,YES,high,time_filter_within,"within subtype can switch between same-visit, same-month, and interval relations over two event queries"
ehrsql_114,what is the [n_survival_period] survival rate of patients diagnosed with {diagnosis_name}?,"with index_condition as (select distinct co.person_id, min(co.condition_start_date) as index_date from <SCHEMA>.condition_occurrence co where 1=1 {condition_filter:diagnosis_name:co.condition_concept_id} group by co.person_id) select 1.0 - avg(case when d.death_date <= ic.index_date + {n_survival_period_interval} then 1.0 else 0.0 end) as answer from index_condition ic left join <SCHEMA>.death d on d.person_id = ic.person_id where 1=1",What is the one-year survival rate for the depress psychosis-unspec patients?,"select sum( case when patients.dod is null then 1 when strftime('%j',patients.dod) - strftime('%j',t2.charttime) > 1 * 365 then 1 else 0 end ) * 100 / count(*) from ( select t1.subject_id, t1.charttime from ( select admissions.subject_id, diagnoses_icd.charttime from diagnoses_icd join admissions on diagnoses_icd.hadm_id = admissions.hadm_id where diagnoses_icd.icd9_code = ( select d_icd_diagnoses.icd9_code from d_icd_diagnoses where d_icd_diagnoses.short_title = 'depress psychosis-unspec' ) group by admissions.subject_id having min(diagnoses_icd.charttime) = diagnoses_icd.charttime ) as t1 where strftime('%j',current_time) - strftime('%j',t1.charttime) > 1 * 365 ) as t2 join patients on t2.subject_id = patients.subject_id","with index_condition as (select distinct co.person_id, min(co.condition_start_date) as index_date from <SCHEMA>.condition_occurrence co where 1=1 {condition_filter:diagnosis_name:co.condition_concept_id} group by co.person_id) select 1.0 - avg(case when d.death_date <= ic.index_date + {n_survival_period_interval} then 1.0 else 0.0 end) as answer from index_condition ic left join <SCHEMA>.death d on d.person_id = ic.person_id where 1=1",n_survival_period,n_survival_period: five year | four year | one year | three year | two year,diagnosis_name,5,9,NO,low,,
ehrsql_143,what are_verb the top [n_rank] frequent diagnoses [time_filter_global1]?,"select c.concept_name from (select co.condition_concept_id as concept_id, count(*) as n from <SCHEMA>.condition_occurrence co where 1=1 {time_filter_global1:co.condition_start_date} group by co.condition_concept_id order by n desc {n_rank_limit}) r join <SCHEMA>.concept c on c.concept_id = r.concept_id order by r.n desc",Give me the top four most common diagnoses from since 5 years ago onward.,"select d_icd_diagnoses.short_title from d_icd_diagnoses where d_icd_diagnoses.icd9_code in ( select t1.icd9_code from ( select diagnoses_icd.icd9_code, dense_rank() over ( order by count(*) desc ) as c1 from diagnoses_icd where datetime(diagnoses_icd.charttime) >= datetime(current_time,'-5 year') group by diagnoses_icd.icd9_code ) as t1 where t1.c1 <= 4 )","select c.concept_name from (select co.condition_concept_id as concept_id, count(*) as n from <SCHEMA>.condition_occurrence co where 1=1 {time_filter_global1:co.condition_start_date} group by co.condition_concept_id order by n desc {n_rank_limit}) r join <SCHEMA>.concept c on c.concept_id = r.concept_id order by r.n desc",n_rank; time_filter_global1,n_rank: five | four | three; time_filter_global1: abs-year-in | abs-year-since | abs-year-until | null | rel-year-last | rel-year-since,NONE,11,0,NO,low,,
ehrsql_123,count the number of patients who were dead after having been diagnosed with {diagnosis_name} [time_filter_within] [time_filter_global1].,"with index_condition as (select distinct co.person_id, co.condition_start_date as index_date from <SCHEMA>.condition_occurrence co where 1=1 {condition_filter:diagnosis_name:co.condition_concept_id} {time_filter_global1:co.condition_start_date}) select count(distinct ic.person_id) from index_condition ic join <SCHEMA>.death d on d.person_id = ic.person_id where d.death_date > ic.index_date {time_filter_within:d.death_date,ic.index_date}",Count the number of patients that died during the same hospital visit after having been diagnosed with septicemia nos.,"select count( distinct t2.subject_id ) from ( select t1.subject_id, t1.charttime from ( select admissions.subject_id, diagnoses_icd.charttime from diagnoses_icd join admissions on diagnoses_icd.hadm_id = admissions.hadm_id where diagnoses_icd.icd9_code = ( select d_icd_diagnoses.icd9_code from d_icd_diagnoses where d_icd_diagnoses.short_title = 'alcoh psy dis w hallucin' ) ) as t1 group by t1.subject_id having min(t1.charttime) = t1.charttime and datetime(t1.charttime) <= datetime(current_time,'-1 year') ) as t2 join ( select patients.subject_id, admissions.hadm_id, patients.dod from admissions join patients on patients.subject_id = admissions.subject_id where patients.dod is not null and datetime(patients.dod) <= datetime(current_time,'-1 year') ) as t3 on t2.subject_id = t3.subject_id where ( datetime(t3.dod) between datetime(t2.charttime) and datetime(t2.charttime,'+2 month') ) or ( datetime(t2.charttime) between datetime(t3.dod) and datetime(t3.dod,'+2 month') )","with index_condition as (select distinct co.person_id, co.condition_start_date as index_date from <SCHEMA>.condition_occurrence co where 1=1 {condition_filter:diagnosis_name:co.condition_concept_id} {time_filter_global1:co.condition_start_date}) select count(distinct ic.person_id) from index_condition ic join <SCHEMA>.death d on d.person_id = ic.person_id where d.death_date > ic.index_date {time_filter_within:d.death_date,ic.index_date}",time_filter_within; time_filter_global1,time_filter_global1: null | rel-year-since | rel-year-this | rel-year-until; time_filter_within: within-hosp | within-n_month,diagnosis_name,6,6,YES,high,time_filter_within,"within subtype can switch between same-visit, same-month, and interval relations over two event queries"
ehrsql_129,count the number of patients who were diagnosed with {diagnosis_name2} [time_filter_within] after having been diagnosed with {diagnosis_name1} [time_filter_global1].,"with first_condition as (select person_id, condition_start_date as index_date from <SCHEMA>.condition_occurrence co where 1=1 {condition_filter:diagnosis_name1:co.condition_concept_id} {time_filter_global1:co.condition_start_date}) select count(distinct co2.person_id) from first_condition fc join <SCHEMA>.condition_occurrence co2 on co2.person_id = fc.person_id where co2.condition_start_date > fc.index_date {condition_filter:diagnosis_name2:co2.condition_concept_id} {time_filter_within:co2.condition_start_date,fc.index_date}",Count the number of patients who were diagnosed with aortocoronary bypass within the same month after having already been diagnosed with depressive disorder NEC this year.,"select count( distinct t1.subject_id ) from ( select admissions.subject_id, diagnoses_icd.charttime from diagnoses_icd join admissions on diagnoses_icd.hadm_id = admissions.hadm_id where diagnoses_icd.icd9_code = ( select d_icd_diagnoses.icd9_code from d_icd_diagnoses where d_icd_diagnoses.short_title = 'urin tract infection nos' ) and strftime('%y',diagnoses_icd.charttime) = '2105' ) as t1 join ( select admissions.subject_id, diagnoses_icd.charttime from diagnoses_icd join admissions on diagnoses_icd.hadm_id = admissions.hadm_id where diagnoses_icd.icd9_code = ( select d_icd_diagnoses.icd9_code from d_icd_diagnoses where d_icd_diagnoses.short_title = 'sec malig neo sm bowel' ) and strftime('%y',diagnoses_icd.charttime) = '2105' ) as t2 on t1.subject_id = t2.subject_id where t1.charttime < t2.charttime and datetime(t2.charttime) between datetime(t1.charttime) and datetime(t1.charttime,'+2 month')","with first_condition as (select person_id, condition_start_date as index_date from <SCHEMA>.condition_occurrence co where 1=1 {condition_filter:diagnosis_name1:co.condition_concept_id} {time_filter_global1:co.condition_start_date}) select count(distinct co2.person_id) from first_condition fc join <SCHEMA>.condition_occurrence co2 on co2.person_id = fc.person_id where co2.condition_start_date > fc.index_date {condition_filter:diagnosis_name2:co2.condition_concept_id} {time_filter_within:co2.condition_start_date,fc.index_date}",time_filter_within; time_filter_global1,time_filter_global1: abs-year-since | null | rel-year-last | rel-year-since | rel-year-this | rel-year-until; time_filter_within: within-hosp | within-month | within-n_month,diagnosis_name1; diagnosis_name2,8,17,YES,high,time_filter_within,"within subtype can switch between same-visit, same-month, and interval relations over two event queries"
ehrsql_122,what is the [agg_function] [unit_average] number of patient records diagnosed with {diagnosis_name} [time_filter_global1]?,"with per_period as (select {unit_average_bucket:co.condition_start_date} as period_key, count(*) as record_count from <SCHEMA>.condition_occurrence co where 1=1 {condition_filter:diagnosis_name:co.condition_concept_id} {time_filter_global1:co.condition_start_date} group by {unit_average_bucket:co.condition_start_date}) select {agg_function:record_count} as answer from per_period",What was the minimum yearly number of patients who were diagnosed with spinal cord disease nos?,"select avg(t1.c1) from ( select count( distinct diagnoses_icd.hadm_id ) as c1 from diagnoses_icd where diagnoses_icd.icd9_code = ( select d_icd_diagnoses.icd9_code from d_icd_diagnoses where d_icd_diagnoses.short_title = 'acq pyloric stenosis' ) and datetime(diagnoses_icd.charttime,'start of year') = datetime(current_time,'start of year','-0 year') group by strftime('%y-%m-%d',diagnoses_icd.charttime) ) as t1","with per_period as (select {unit_average_bucket:co.condition_start_date} as period_key, count(*) as record_count from <SCHEMA>.condition_occurrence co where 1=1 {condition_filter:diagnosis_name:co.condition_concept_id} {time_filter_global1:co.condition_start_date} group by {unit_average_bucket:co.condition_start_date}) select {agg_function:record_count} as answer from per_period",agg_function; unit_average; time_filter_global1,agg_function: maximum | minimum; time_filter_global1: abs-year-in | null | rel-year-since | rel-year-this | rel-year-until; unit_average: daily | monthly | yearly,diagnosis_name,5,5,NO,low,,
ehrsql_116,what are the top [n_rank] diagnoses that have the highest [n_survival_period] mortality rate?,"with index_condition as (select distinct co.person_id, co.condition_concept_id, min(co.condition_start_date) as index_date from <SCHEMA>.condition_occurrence co group by co.person_id, co.condition_concept_id), mortality as (select ic.condition_concept_id, avg(case when d.death_date <= ic.index_date + {n_survival_period_interval} then 1.0 else 0.0 end) as mortality_rate from index_condition ic left join <SCHEMA>.death d on d.person_id = ic.person_id group by ic.condition_concept_id) select c.concept_name from mortality m join <SCHEMA>.concept c on c.concept_id = m.condition_concept_id order by m.mortality_rate desc {n_rank_limit}",What were the five diagnoses that had the lowest five-year survival rate?,"select d_icd_diagnoses.short_title from d_icd_diagnoses where d_icd_diagnoses.icd9_code in ( select t4.icd9_code from ( select t3.icd9_code, dense_rank() over ( order by t3.c1 desc ) as c2 from ( select t2.icd9_code, 100 - sum( case when patients.dod is null then 1 when strftime('%j',patients.dod) - strftime('%j',t2.charttime) > 2 * 365 then 1 else 0 end ) * 100 / count(*) as c1 from ( select t1.subject_id, t1.icd9_code, t1.charttime from ( select admissions.subject_id, diagnoses_icd.icd9_code, diagnoses_icd.charttime from diagnoses_icd join admissions on diagnoses_icd.hadm_id = admissions.hadm_id group by admissions.subject_id, diagnoses_icd.icd9_code having min(diagnoses_icd.charttime) = diagnoses_icd.charttime ) as t1 where strftime('%j',current_time) - strftime('%j',t1.charttime) > 2 * 365 ) as t2 join patients on t2.subject_id = patients.subject_id group by t2.icd9_code ) as t3 ) as t4 where t4.c2 <= 5 )","with index_condition as (select distinct co.person_id, co.condition_concept_id, min(co.condition_start_date) as index_date from <SCHEMA>.condition_occurrence co group by co.person_id, co.condition_concept_id), mortality as (select ic.condition_concept_id, avg(case when d.death_date <= ic.index_date + {n_survival_period_interval} then 1.0 else 0.0 end) as mortality_rate from index_condition ic left join <SCHEMA>.death d on d.person_id = ic.person_id group by ic.condition_concept_id) select c.concept_name from mortality m join <SCHEMA>.concept c on c.concept_id = m.condition_concept_id order by m.mortality_rate desc {n_rank_limit}",n_rank; n_survival_period,n_rank: five | four | three; n_survival_period: five year | four year | one year | three year | two year,NONE,8,0,NO,low,,
ehrsql_146,what are_verb the top [n_rank] frequent diagnoses that patients were diagnosed [time_filter_within] after having been diagnosed with {diagnosis_name} [time_filter_global1]?,"with index_condition as (select distinct co.person_id, co.condition_start_date as index_date from <SCHEMA>.condition_occurrence co where 1=1 {condition_filter:diagnosis_name:co.condition_concept_id} {time_filter_global1:co.condition_start_date}) select c.concept_name from (select co2.condition_concept_id as concept_id, count(*) as n from index_condition idx join <SCHEMA>.condition_occurrence co2 on co2.person_id = idx.person_id where co2.condition_start_date > idx.index_date {time_filter_within:co2.condition_start_date,idx.index_date} group by co2.condition_concept_id order by n desc {n_rank_limit}) r join <SCHEMA>.concept c on c.concept_id = r.concept_id order by r.n desc","Since 2105, what are the top four most common diagnoses that patients were diagnosed with within 2 months after being diagnosed with asthma nos?","select d_icd_diagnoses.short_title from d_icd_diagnoses where d_icd_diagnoses.icd9_code in ( select t3.icd9_code from ( select t2.icd9_code, dense_rank() over ( order by count(*) desc ) as c1 from ( select admissions.subject_id, diagnoses_icd.charttime from diagnoses_icd join admissions on diagnoses_icd.hadm_id = admissions.hadm_id where diagnoses_icd.icd9_code = ( select d_icd_diagnoses.icd9_code from d_icd_diagnoses where d_icd_diagnoses.short_title = 'ch obst asth w (ac) exac' ) and strftime('%y',diagnoses_icd.charttime) <= '2100' ) as t1 join ( select admissions.subject_id, diagnoses_icd.icd9_code, diagnoses_icd.charttime from diagnoses_icd join admissions on diagnoses_icd.hadm_id = admissions.hadm_id where strftime('%y',diagnoses_icd.charttime) <= '2100' ) as t2 on t1.subject_id = t2.subject_id where t1.charttime < t2.charttime and datetime(t1.charttime,'start of month') = datetime(t2.charttime,'start of month') group by t2.icd9_code ) as t3 where t3.c1 <= 4 )","with index_condition as (select distinct co.person_id, co.condition_start_date as index_date from <SCHEMA>.condition_occurrence co where 1=1 {condition_filter:diagnosis_name:co.condition_concept_id} {time_filter_global1:co.condition_start_date}) select c.concept_name from (select co2.condition_concept_id as concept_id, count(*) as n from index_condition idx join <SCHEMA>.condition_occurrence co2 on co2.person_id = idx.person_id where co2.condition_start_date > idx.index_date {time_filter_within:co2.condition_start_date,idx.index_date} group by co2.condition_concept_id order by n desc {n_rank_limit}) r join <SCHEMA>.concept c on c.concept_id = r.concept_id order by r.n desc",n_rank; time_filter_within; time_filter_global1,n_rank: five | four; time_filter_global1: abs-year-since | abs-year-until | null | rel-year-until; time_filter_within: within-month | within-n_month,diagnosis_name,5,5,YES,high,time_filter_within,"within subtype can switch between same-visit, same-month, and interval relations over two event queries"
ehrsql_139,count the number of patients who were prescribed {drug_name} [time_filter_within] after having been diagnosed with {diagnosis_name} [time_filter_global1].,"with index_event as (select distinct co.person_id, co.condition_start_date as index_date from <SCHEMA>.condition_occurrence co where 1=1 {condition_filter:diagnosis_name:co.condition_concept_id} {time_filter_global1:co.condition_start_date}) select count(distinct de.person_id) from index_event idx join <SCHEMA>.drug_exposure de on de.person_id = idx.person_id where de.drug_exposure_start_date > idx.index_date {drug_filter:drug_name:de.drug_concept_id} {time_filter_within:de.drug_exposure_start_date,idx.index_date}",How many patients were prescribed glipizide during the same hospital visit in this year after being diagnosed with streptococcal septicemia?,"select count( distinct t1.subject_id ) from ( select admissions.subject_id, diagnoses_icd.charttime, admissions.hadm_id from diagnoses_icd join admissions on diagnoses_icd.hadm_id = admissions.hadm_id where diagnoses_icd.icd9_code = ( select d_icd_diagnoses.icd9_code from d_icd_diagnoses where d_icd_diagnoses.short_title = 'liver disorders nec' ) ) as t1 join ( select admissions.subject_id, prescriptions.startdate, admissions.hadm_id from prescriptions join admissions on prescriptions.hadm_id = admissions.hadm_id where prescriptions.drug = 'morphine sulfate' ) as t2 on t1.subject_id = t2.subject_id where t1.charttime < t2.startdate and t1.hadm_id = t2.hadm_id","with index_event as (select distinct co.person_id, co.condition_start_date as index_date from <SCHEMA>.condition_occurrence co where 1=1 {condition_filter:diagnosis_name:co.condition_concept_id} {time_filter_global1:co.condition_start_date}) select count(distinct de.person_id) from index_event idx join <SCHEMA>.drug_exposure de on de.person_id = idx.person_id where de.drug_exposure_start_date > idx.index_date {drug_filter:drug_name:de.drug_concept_id} {time_filter_within:de.drug_exposure_start_date,idx.index_date}",time_filter_within; time_filter_global1,time_filter_global1: abs-year-since | null | rel-year-last | rel-year-since | rel-year-this | rel-year-until; time_filter_within: within-hosp | within-month | within-n_month,diagnosis_name; drug_name,8,15,YES,high,time_filter_within,"within subtype can switch between same-visit, same-month, and interval relations over two event queries"
ehrsql_036,what was the name of the drug that patient {patient_id} was prescribed [time_filter_within] after having been diagnosed with {diagnosis_name} [time_filter_global1]?,"with index_condition as (select distinct co.person_id, co.condition_start_date as index_date from <SCHEMA>.condition_occurrence co join <SCHEMA>.person p on p.person_id = co.person_id where p.person_source_value = {patient_id} {condition_filter:diagnosis_name:co.condition_concept_id} {time_filter_global1:co.condition_start_date}) select c.concept_name as answer from index_condition idx join <SCHEMA>.drug_exposure de on de.person_id = idx.person_id join <SCHEMA>.concept c on c.concept_id = de.drug_concept_id where de.drug_exposure_start_date > idx.index_date {time_filter_within:de.drug_exposure_start_date,idx.index_date} {time_filter_exact1:de.drug_exposure_start_datetime}",What is the name of the drug prescribed for patient 138 within 2 days after they were diagnosed with urin tract infection nos in 11/2104?,"select t2.drug from ( select admissions.subject_id, diagnoses_icd.charttime, admissions.hadm_id from diagnoses_icd join admissions on diagnoses_icd.hadm_id = admissions.hadm_id where admissions.subject_id = 66015 and diagnoses_icd.icd9_code = ( select d_icd_diagnoses.icd9_code from d_icd_diagnoses where d_icd_diagnoses.short_title = 'hypertension nos' ) and datetime(diagnoses_icd.charttime,'start of month') = datetime(current_time,'start of month','-1 month') ) as t1 join ( select admissions.subject_id, prescriptions.drug, prescriptions.startdate, admissions.hadm_id from prescriptions join admissions on prescriptions.hadm_id = admissions.hadm_id where admissions.subject_id = 66015 and datetime(prescriptions.startdate,'start of month') = datetime(current_time,'start of month','-1 month') ) as t2 on t1.subject_id = t2.subject_id where t1.charttime < t2.startdate and t1.hadm_id = t2.hadm_id","with index_condition as (select distinct co.person_id, co.condition_start_date as index_date from <SCHEMA>.condition_occurrence co join <SCHEMA>.person p on p.person_id = co.person_id where p.person_source_value = {patient_id} {condition_filter:diagnosis_name:co.condition_concept_id} {time_filter_global1:co.condition_start_date}) select c.concept_name as answer from index_condition idx join <SCHEMA>.drug_exposure de on de.person_id = idx.person_id join <SCHEMA>.concept c on c.concept_id = de.drug_concept_id where de.drug_exposure_start_date > idx.index_date {time_filter_within:de.drug_exposure_start_date,idx.index_date} {time_filter_exact1:de.drug_exposure_start_datetime}",time_filter_within; time_filter_global1,time_filter_global1: abs-month-in | abs-month-since | mix-month-last_year | rel-month-last | rel-month-this; time_filter_within: within-hosp | within-n_day,diagnosis_name; patient_id,5,10,YES,high,time_filter_within,"within subtype can switch between same-visit, same-month, and interval relations over two event queries"
ehrsql_115,what is the [n_survival_period] survival rate of patients who were prescribed {drug_name} after having been diagnosed with {diagnosis_name}?,"with index_condition as (select distinct co.person_id, min(co.condition_start_date) as index_date from <SCHEMA>.condition_occurrence co where 1=1 {condition_filter:diagnosis_name:co.condition_concept_id} group by co.person_id) select 1.0 - avg(case when d.death_date <= ic.index_date + {n_survival_period_interval} then 1.0 else 0.0 end) as answer from index_condition ic left join <SCHEMA>.death d on d.person_id = ic.person_id where 1=1 and exists (select 1 from <SCHEMA>.drug_exposure de where de.person_id = ic.person_id and de.drug_exposure_start_date >= ic.index_date {drug_filter:drug_name:de.drug_concept_id})",What are the three-year survival rates for those who were prescribed ceftriaxone after being diagnosed with gastrointest hemorr nos otherwise specified?,"select sum( case when patients.dod is null then 1 when strftime('%j',patients.dod) - strftime('%j',t4.charttime) > 1 * 365 then 1 else 0 end ) * 100 / count(*) from ( select t2.subject_id, t2.charttime from ( select t1.subject_id, t1.charttime from ( select admissions.subject_id, diagnoses_icd.charttime from diagnoses_icd join admissions on diagnoses_icd.hadm_id = admissions.hadm_id where diagnoses_icd.icd9_code = ( select d_icd_diagnoses.icd9_code from d_icd_diagnoses where d_icd_diagnoses.short_title = 'brain hem nec-coma nos' ) group by admissions.subject_id having min(diagnoses_icd.charttime) = diagnoses_icd.charttime ) as t1 where strftime('%j',current_time) - strftime('%j',t1.charttime) > 1 * 365 ) as t2 join ( select admissions.subject_id, prescriptions.startdate from prescriptions join admissions on prescriptions.hadm_id = admissions.hadm_id where prescriptions.drug = 'vitamin b complex w/c' ) as t3 on t2.subject_id = t3.subject_id where t2.charttime < t3.startdate ) as t4 join patients on t4.subject_id = patients.subject_id","with index_condition as (select distinct co.person_id, min(co.condition_start_date) as index_date from <SCHEMA>.condition_occurrence co where 1=1 {condition_filter:diagnosis_name:co.condition_concept_id} group by co.person_id) select 1.0 - avg(case when d.death_date <= ic.index_date + {n_survival_period_interval} then 1.0 else 0.0 end) as answer from index_condition ic left join <SCHEMA>.death d on d.person_id = ic.person_id where 1=1 and exists (select 1 from <SCHEMA>.drug_exposure de where de.person_id = ic.person_id and de.drug_exposure_start_date >= ic.index_date {drug_filter:drug_name:de.drug_concept_id})",n_survival_period,n_survival_period: five year | four year | three year,diagnosis_name; drug_name,3,20,NO,low,,
ehrsql_156,what are_verb the top [n_rank] frequently prescribed drugs that patients were prescribed [time_filter_within] after having been diagnosed with {diagnosis_name} [time_filter_global1]?,"with index_condition as (select distinct co.person_id, co.condition_start_date as index_date from <SCHEMA>.condition_occurrence co where 1=1 {condition_filter:diagnosis_name:co.condition_concept_id} {time_filter_global1:co.condition_start_date}) select c.concept_name from (select de.drug_concept_id as concept_id, count(*) as n from index_condition idx join <SCHEMA>.drug_exposure de on de.person_id = idx.person_id where de.drug_exposure_start_date > idx.index_date {time_filter_within:de.drug_exposure_start_date,idx.index_date} group by de.drug_concept_id order by n desc {n_rank_limit}) r join <SCHEMA>.concept c on c.concept_id = r.concept_id order by r.n desc","What were the five most common prescription drugs for patients who had been diagnosed with opioid dependence-remission previously within 2 months, in 2101?","select t3.drug from ( select t2.drug, dense_rank() over ( order by count(*) desc ) as c1 from ( select admissions.subject_id, diagnoses_icd.charttime from diagnoses_icd join admissions on diagnoses_icd.hadm_id = admissions.hadm_id where diagnoses_icd.icd9_code = ( select d_icd_diagnoses.icd9_code from d_icd_diagnoses where d_icd_diagnoses.short_title = 'hyperlipidemia nec/nos' ) and strftime('%y',diagnoses_icd.charttime) <= '2102' ) as t1 join ( select admissions.subject_id, prescriptions.drug, prescriptions.startdate from prescriptions join admissions on prescriptions.hadm_id = admissions.hadm_id where strftime('%y',prescriptions.startdate) <= '2102' ) as t2 on t1.subject_id = t2.subject_id where t1.charttime < t2.startdate and datetime(t2.startdate) between datetime(t1.charttime) and datetime(t1.charttime,'+2 month') group by t2.drug ) as t3 where t3.c1 <= 3","with index_condition as (select distinct co.person_id, co.condition_start_date as index_date from <SCHEMA>.condition_occurrence co where 1=1 {condition_filter:diagnosis_name:co.condition_concept_id} {time_filter_global1:co.condition_start_date}) select c.concept_name from (select de.drug_concept_id as concept_id, count(*) as n from index_condition idx join <SCHEMA>.drug_exposure de on de.person_id = idx.person_id where de.drug_exposure_start_date > idx.index_date {time_filter_within:de.drug_exposure_start_date,idx.index_date} group by de.drug_concept_id order by n desc {n_rank_limit}) r join <SCHEMA>.concept c on c.concept_id = r.concept_id order by r.n desc",n_rank; time_filter_within; time_filter_global1,n_rank: five | four; time_filter_global1: abs-year-in | null | rel-year-this | rel-year-until; time_filter_within: within-hosp | within-month | within-n_month,diagnosis_name,5,5,YES,high,time_filter_within,"within subtype can switch between same-visit, same-month, and interval relations over two event queries"
ehrsql_174,count the number of patients who were diagnosed with {diagnosis_name} [time_filter_within] after having received a {procedure_name} procedure [time_filter_global1].,"with index_event as (select distinct po.person_id, po.procedure_date as index_date from <SCHEMA>.procedure_occurrence po where 1=1 {procedure_filter:procedure_name:po.procedure_concept_id} {time_filter_global1:po.procedure_date}) select count(distinct co2.person_id) from index_event idx join <SCHEMA>.condition_occurrence co2 on co2.person_id = idx.person_id where co2.condition_start_date > idx.index_date {condition_filter:diagnosis_name:co2.condition_concept_id} {time_filter_within:co2.condition_start_date,idx.index_date}",,,"with index_event as (select distinct po.person_id, po.procedure_date as index_date from <SCHEMA>.procedure_occurrence po where 1=1 {procedure_filter:procedure_name:po.procedure_concept_id} {time_filter_global1:po.procedure_date}) select count(distinct co2.person_id) from index_event idx join <SCHEMA>.condition_occurrence co2 on co2.person_id = idx.person_id where co2.condition_start_date > idx.index_date {condition_filter:diagnosis_name:co2.condition_concept_id} {time_filter_within:co2.condition_start_date,idx.index_date}",NONE,NONE,NONE,0,0,YES,high,time_filter_within,"within subtype can switch between same-visit, same-month, and interval relations over two event queries"
ehrsql_134,count the number of patients who received a {procedure_name} procedure [time_filter_within] after having been diagnosed with {diagnosis_name} [time_filter_global1].,"with index_event as (select distinct co.person_id, co.condition_start_date as index_date from <SCHEMA>.condition_occurrence co where 1=1 {condition_filter:diagnosis_name:co.condition_concept_id} {time_filter_global1:co.condition_start_date}) select count(distinct po.person_id) from index_event idx join <SCHEMA>.procedure_occurrence po on po.person_id = idx.person_id where po.procedure_date > idx.index_date {procedure_filter:procedure_name:po.procedure_concept_id} {time_filter_within:po.procedure_date,idx.index_date}","Count the number of patients who received percu abdominal drainage within 2 months after being diagnosed with hypertension nos, on or before 2100.","select count( distinct t1.subject_id ) from ( select admissions.subject_id, diagnoses_icd.charttime from diagnoses_icd join admissions on diagnoses_icd.hadm_id = admissions.hadm_id where diagnoses_icd.icd9_code = ( select d_icd_diagnoses.icd9_code from d_icd_diagnoses where d_icd_diagnoses.short_title = 'opioid abuse-unspec' ) and datetime(diagnoses_icd.charttime,'start of year') = datetime(current_time,'start of year','-0 year') ) as t1 join ( select admissions.subject_id, procedures_icd.charttime from procedures_icd join admissions on procedures_icd.hadm_id = admissions.hadm_id where procedures_icd.icd9_code = ( select d_icd_procedures.icd9_code from d_icd_procedures where d_icd_procedures.short_title = 'int insert dual-cham dev' ) and datetime(procedures_icd.charttime,'start of year') = datetime(current_time,'start of year','-0 year') ) as t2 on t1.subject_id = t2.subject_id where t1.charttime < t2.charttime and datetime(t1.charttime,'start of month') = datetime(t2.charttime,'start of month')","with index_event as (select distinct co.person_id, co.condition_start_date as index_date from <SCHEMA>.condition_occurrence co where 1=1 {condition_filter:diagnosis_name:co.condition_concept_id} {time_filter_global1:co.condition_start_date}) select count(distinct po.person_id) from index_event idx join <SCHEMA>.procedure_occurrence po on po.person_id = idx.person_id where po.procedure_date > idx.index_date {procedure_filter:procedure_name:po.procedure_concept_id} {time_filter_within:po.procedure_date,idx.index_date}",time_filter_within; time_filter_global1,time_filter_global1: abs-year-in | abs-year-since | abs-year-until | rel-year-since | rel-year-this | rel-year-until; time_filter_within: within-hosp | within-month | within-n_month,diagnosis_name; procedure_name,8,19,YES,high,time_filter_within,"within subtype can switch between same-visit, same-month, and interval relations over two event queries"
ehrsql_145,what are_verb the top [n_rank] frequent diagnoses that patients were diagnosed [time_filter_within] after having received a {procedure_name} procedure [time_filter_global1]?,"with index_condition as (select distinct po.person_id, po.procedure_date as index_date from <SCHEMA>.procedure_occurrence po where 1=1 {procedure_filter:procedure_name:po.procedure_concept_id} {time_filter_global1:po.procedure_date}) select c.concept_name from (select co2.condition_concept_id as concept_id, count(*) as n from index_condition idx join <SCHEMA>.condition_occurrence co2 on co2.person_id = idx.person_id where co2.condition_start_date > idx.index_date {time_filter_within:co2.condition_start_date,idx.index_date} group by co2.condition_concept_id order by n desc {n_rank_limit}) r join <SCHEMA>.concept c on c.concept_id = r.concept_id order by r.n desc",What are the three most commonly given diagnoses for patients who received venous cath nec previously until 4 years ago?,"select d_icd_diagnoses.short_title from d_icd_diagnoses where d_icd_diagnoses.icd9_code in ( select t3.icd9_code from ( select t2.icd9_code, dense_rank() over ( order by count(*) desc ) as c1 from ( select admissions.subject_id, procedures_icd.charttime, admissions.hadm_id from procedures_icd join admissions on procedures_icd.hadm_id = admissions.hadm_id where procedures_icd.icd9_code = ( select d_icd_procedures.icd9_code from d_icd_procedures where d_icd_procedures.short_title = 'exc/dest hrt lesion open' ) and strftime('%y',procedures_icd.charttime) >= '2104' ) as t1 join ( select admissions.subject_id, diagnoses_icd.icd9_code, diagnoses_icd.charttime, admissions.hadm_id from diagnoses_icd join admissions on diagnoses_icd.hadm_id = admissions.hadm_id where strftime('%y',diagnoses_icd.charttime) >= '2104' ) as t2 on t1.subject_id = t2.subject_id where t1.charttime < t2.charttime and t1.hadm_id = t2.hadm_id group by t2.icd9_code ) as t3 where t3.c1 <= 3 )","with index_condition as (select distinct po.person_id, po.procedure_date as index_date from <SCHEMA>.procedure_occurrence po where 1=1 {procedure_filter:procedure_name:po.procedure_concept_id} {time_filter_global1:po.procedure_date}) select c.concept_name from (select co2.condition_concept_id as concept_id, count(*) as n from index_condition idx join <SCHEMA>.condition_occurrence co2 on co2.person_id = idx.person_id where co2.condition_start_date > idx.index_date {time_filter_within:co2.condition_start_date,idx.index_date} group by co2.condition_concept_id order by n desc {n_rank_limit}) r join <SCHEMA>.concept c on c.concept_id = r.concept_id order by r.n desc",n_rank; time_filter_within; time_filter_global1,n_rank: five | four | three; time_filter_global1: abs-year-in | abs-year-until | rel-year-last | rel-year-this | rel-year-until; time_filter_within: within-month | within-n_month,procedure_name,5,5,YES,high,time_filter_within,"within subtype can switch between same-visit, same-month, and interval relations over two event queries"
ehrsql_150,what are_verb the top [n_rank] frequent procedures that patients received [time_filter_within] after having been diagnosed with {diagnosis_name} [time_filter_global1]?,"with index_event as (select distinct co.person_id, co.condition_start_date as index_date from <SCHEMA>.condition_occurrence co where 1=1 {condition_filter:diagnosis_name:co.condition_concept_id} {time_filter_global1:co.condition_start_date}) select c.concept_name from (select po2.procedure_concept_id as concept_id, count(*) as n from index_event idx join <SCHEMA>.procedure_occurrence po2 on po2.person_id = idx.person_id where po2.procedure_date > idx.index_date {time_filter_within:po2.procedure_date,idx.index_date} group by po2.procedure_concept_id order by n desc {n_rank_limit}) r join <SCHEMA>.concept c on c.concept_id = r.concept_id order by r.n desc",What are the four most common procedures for patients who were previously diagnosed with NB acidosis NEC in the same hospital visit until 4 years ago?,"select d_icd_procedures.short_title from d_icd_procedures where d_icd_procedures.icd9_code in ( select t3.icd9_code from ( select t2.icd9_code, dense_rank() over ( order by count(*) desc ) as c1 from ( select admissions.subject_id, diagnoses_icd.charttime from diagnoses_icd join admissions on diagnoses_icd.hadm_id = admissions.hadm_id where diagnoses_icd.icd9_code = ( select d_icd_diagnoses.icd9_code from d_icd_diagnoses where d_icd_diagnoses.short_title = 'malig neo bladder nos' ) and datetime(diagnoses_icd.charttime) >= datetime(current_time,'-5 year') ) as t1 join ( select admissions.subject_id, procedures_icd.icd9_code, procedures_icd.charttime from procedures_icd join admissions on procedures_icd.hadm_id = admissions.hadm_id where datetime(procedures_icd.charttime) >= datetime(current_time,'-5 year') ) as t2 on t1.subject_id = t2.subject_id where t1.charttime < t2.charttime and datetime(t2.charttime) between datetime(t1.charttime) and datetime(t1.charttime,'+2 month') group by t2.icd9_code ) as t3 where t3.c1 <= 4 )","with index_event as (select distinct co.person_id, co.condition_start_date as index_date from <SCHEMA>.condition_occurrence co where 1=1 {condition_filter:diagnosis_name:co.condition_concept_id} {time_filter_global1:co.condition_start_date}) select c.concept_name from (select po2.procedure_concept_id as concept_id, count(*) as n from index_event idx join <SCHEMA>.procedure_occurrence po2 on po2.person_id = idx.person_id where po2.procedure_date > idx.index_date {time_filter_within:po2.procedure_date,idx.index_date} group by po2.procedure_concept_id order by n desc {n_rank_limit}) r join <SCHEMA>.concept c on c.concept_id = r.concept_id order by r.n desc",n_rank; time_filter_within; time_filter_global1,n_rank: five | four; time_filter_global1: null | rel-year-last | rel-year-until; time_filter_within: within-hosp | within-month | within-n_month,diagnosis_name,4,5,YES,high,time_filter_within,"within subtype can switch between same-visit, same-month, and interval relations over two event queries"
ehrsql_161,what are_verb the top [n_rank] frequent lab tests that patients had [time_filter_within] after having been diagnosed with {diagnosis_name} [time_filter_global1]?,"with index_condition as (select distinct co.person_id, co.condition_start_date as index_date from <SCHEMA>.condition_occurrence co where 1=1 {condition_filter:diagnosis_name:co.condition_concept_id} {time_filter_global1:co.condition_start_date}) select c.concept_name from (select m.measurement_concept_id as concept_id, count(*) as n from index_condition idx join <SCHEMA>.measurement m on m.person_id = idx.person_id where m.measurement_date > idx.index_date {time_filter_within:m.measurement_date,idx.index_date} group by m.measurement_concept_id order by n desc {n_rank_limit}) r join <SCHEMA>.concept c on c.concept_id = r.concept_id order by r.n desc",What are the four most common lab tests ordered for patients who were previously diagnosed with hepatic encephalopathy within the past 2 months last year?,"select d_labitems.label from d_labitems where d_labitems.itemid in ( select t3.itemid from ( select t2.itemid, dense_rank() over ( order by count(*) desc ) as c1 from ( select admissions.subject_id, diagnoses_icd.charttime, admissions.hadm_id from diagnoses_icd join admissions on diagnoses_icd.hadm_id = admissions.hadm_id where diagnoses_icd.icd9_code = ( select d_icd_diagnoses.icd9_code from d_icd_diagnoses where d_icd_diagnoses.short_title = 'hypovolemia' ) and datetime(diagnoses_icd.charttime) >= datetime(current_time,'-2 year') ) as t1 join ( select admissions.subject_id, labevents.itemid, labevents.charttime, admissions.hadm_id from labevents join admissions on labevents.hadm_id = admissions.hadm_id where datetime(labevents.charttime) >= datetime(current_time,'-2 year') ) as t2 on t1.subject_id = t2.subject_id where t1.charttime < t2.charttime and t1.hadm_id = t2.hadm_id group by t2.itemid ) as t3 where t3.c1 <= 3 )","with index_condition as (select distinct co.person_id, co.condition_start_date as index_date from <SCHEMA>.condition_occurrence co where 1=1 {condition_filter:diagnosis_name:co.condition_concept_id} {time_filter_global1:co.condition_start_date}) select c.concept_name from (select m.measurement_concept_id as concept_id, count(*) as n from index_condition idx join <SCHEMA>.measurement m on m.person_id = idx.person_id where m.measurement_date > idx.index_date {time_filter_within:m.measurement_date,idx.index_date} group by m.measurement_concept_id order by n desc {n_rank_limit}) r join <SCHEMA>.concept c on c.concept_id = r.concept_id order by r.n desc",n_rank; time_filter_within; time_filter_global1,n_rank: five | four | three; time_filter_global1: abs-year-until | null | rel-year-last | rel-year-since | rel-year-this; time_filter_within: within-hosp | within-month | within-n_month,diagnosis_name,5,5,YES,high,time_filter_within,"within subtype can switch between same-visit, same-month, and interval relations over two event queries"
ehrsql_164,what are_verb the top [n_rank] frequent specimens that patients were tested [time_filter_within] after having been diagnosed with {diagnosis_name} [time_filter_global1]?,"with index_condition as (select distinct co.person_id, co.condition_start_date as index_date from <SCHEMA>.condition_occurrence co where 1=1 {condition_filter:diagnosis_name:co.condition_concept_id} {time_filter_global1:co.condition_start_date}) select c.concept_name from (select s.specimen_concept_id as concept_id, count(*) as n from index_condition idx join <SCHEMA>.specimen s on s.person_id = idx.person_id where s.specimen_date > idx.index_date {time_filter_within:s.specimen_date,idx.index_date} group by s.specimen_concept_id order by n desc {n_rank_limit}) r join <SCHEMA>.concept c on c.concept_id = r.concept_id order by r.n desc",What are the five most commonly ordered specimen tests for patients with mycobacterial dis nec who were previously diagnosed during the same hospital visit?,"select t3.spec_type_desc from ( select t2.spec_type_desc, dense_rank() over ( order by count(*) desc ) as c1 from ( select admissions.subject_id, diagnoses_icd.charttime, admissions.hadm_id from diagnoses_icd join admissions on diagnoses_icd.hadm_id = admissions.hadm_id where diagnoses_icd.icd9_code = ( select d_icd_diagnoses.icd9_code from d_icd_diagnoses where d_icd_diagnoses.short_title = 'poison-medicinal agt nos' ) ) as t1 join ( select admissions.subject_id, microbiologyevents.spec_type_desc, microbiologyevents.charttime, admissions.hadm_id from microbiologyevents join admissions on microbiologyevents.hadm_id = admissions.hadm_id ) as t2 on t1.subject_id = t2.subject_id where t1.charttime < t2.charttime and t1.hadm_id = t2.hadm_id group by t2.spec_type_desc ) as t3 where t3.c1 <= 3","with index_condition as (select distinct co.person_id, co.condition_start_date as index_date from <SCHEMA>.condition_occurrence co where 1=1 {condition_filter:diagnosis_name:co.condition_concept_id} {time_filter_global1:co.condition_start_date}) select c.concept_name from (select s.specimen_concept_id as concept_id, count(*) as n from index_condition idx join <SCHEMA>.specimen s on s.person_id = idx.person_id where s.specimen_date > idx.index_date {time_filter_within:s.specimen_date,idx.index_date} group by s.specimen_concept_id order by n desc {n_rank_limit}) r join <SCHEMA>.concept c on c.concept_id = r.concept_id order by r.n desc",n_rank; time_filter_within; time_filter_global1,n_rank: five | four; time_filter_global1: abs-year-since | abs-year-until | null | rel-year-last; time_filter_within: within-hosp | within-month | within-n_month,diagnosis_name,5,5,YES,high,time_filter_within,"within subtype can switch between same-visit, same-month, and interval relations over two event queries"
ehrsql_005,what is the cost of diagnosing {diagnosis_name}?,select null::text as answer where false /* unsupported_cost_empty */,What is the cost of the diagnostic injury iliac artery injury?,select distinct cost.cost from cost where cost.event_type = 'diagnoses_icd' and cost.event_id in ( select diagnoses_icd.row_id from diagnoses_icd where diagnoses_icd.icd9_code = ( select d_icd_diagnoses.icd9_code from d_icd_diagnoses where d_icd_diagnoses.short_title = 'open wound site nos' ) ),select null::text as answer where false /* unsupported_cost_empty */,NONE,NONE,diagnosis_name,1,7,YES,unsupported,cdm_support_policy,unsupported_cost_empty
ehrsql_120,what is_verb the [agg_function] total hospital cost that involves a diagnosis named {diagnosis_name} [time_filter_global1]?,select null::text as answer where false /* unsupported_cost_empty */,Can you tell me the maximum hospital cost when there is retention urine nos since 1 year ago?,select min(t1.c1) from ( select sum(cost.cost) as c1 from cost where cost.hadm_id in ( select diagnoses_icd.hadm_id from diagnoses_icd where diagnoses_icd.icd9_code = ( select d_icd_diagnoses.icd9_code from d_icd_diagnoses where d_icd_diagnoses.short_title = 'lung contusion-open' ) ) group by cost.hadm_id ) as t1,select null::text as answer where false /* unsupported_cost_empty */,agg_function; time_filter_global1,agg_function: average | maximum | minimum; time_filter_global1: abs-year-in | null | rel-year-since | rel-year-this,diagnosis_name,4,4,YES,unsupported,cdm_support_policy,unsupported_cost_empty
ehrsql_001,what is the intake method of {drug_name}?,"select distinct coalesce(rc.concept_name, de.route_source_value, de.sig) as answer from <SCHEMA>.drug_exposure de left join <SCHEMA>.concept rc on rc.concept_id = de.route_concept_id where 1=1 {drug_filter:drug_name:de.drug_concept_id}",What is the method of fluconazole intake?,select distinct prescriptions.route from prescriptions where prescriptions.drug = 'clobetasol propionate 0.05% ointment',"select distinct coalesce(rc.concept_name, de.route_source_value, de.sig) as answer from <SCHEMA>.drug_exposure de left join <SCHEMA>.concept rc on rc.concept_id = de.route_concept_id where 1=1 {drug_filter:drug_name:de.drug_concept_id}",NONE,NONE,drug_name,1,6,NO,low,,
ehrsql_137,count the number of {drug_name} prescription cases [time_filter_global1].,select count(*) from <SCHEMA>.drug_exposure de where 1=1 {drug_filter:drug_name:de.drug_concept_id} {time_filter_global1:de.drug_exposure_start_date},How many prescriptions for thiamine hcl were issued until 1 year ago?,"select count(*) from prescriptions where prescriptions.drug = 'ceftazidime' and strftime('%y',prescriptions.startdate) >= '2105'",select count(*) from <SCHEMA>.drug_exposure de where 1=1 {drug_filter:drug_name:de.drug_concept_id} {time_filter_global1:de.drug_exposure_start_date},time_filter_global1,time_filter_global1: abs-year-in | null | rel-year-last | rel-year-since | rel-year-until,drug_name,5,5,NO,low,,
ehrsql_136,count the number of patients who were prescribed {drug_name} [time_filter_global1].,select count(distinct de.person_id) from <SCHEMA>.drug_exposure de where 1=1 {drug_filter:drug_name:de.drug_concept_id} {time_filter_global1:de.drug_exposure_start_date},What is the number of patients who have been prescribed nitroglycerin oint. 2% until 2101?,select count( distinct admissions.subject_id ) from admissions where admissions.hadm_id in ( select prescriptions.hadm_id from prescriptions where prescriptions.drug = 'triamcinolone acetonide 0.1% cream' ),select count(distinct de.person_id) from <SCHEMA>.drug_exposure de where 1=1 {drug_filter:drug_name:de.drug_concept_id} {time_filter_global1:de.drug_exposure_start_date},time_filter_global1,time_filter_global1: abs-year-in | abs-year-until | null | rel-year-last | rel-year-since,drug_name,5,6,NO,low,,
ehrsql_087,has_verb patient {patient_id} been prescribed any medication [time_filter_global1]?,select count(*) > 0 as answer from <SCHEMA>.drug_exposure de join <SCHEMA>.person p on p.person_id = de.person_id where p.person_source_value = {patient_id} {time_filter_global1:de.drug_exposure_start_date},Has patient 73913 had any prescriptions for any medicines in May of last year?,"select count(*)>0 from prescriptions where prescriptions.hadm_id in ( select admissions.hadm_id from admissions where admissions.subject_id = 14671 ) and datetime(prescriptions.startdate,'start of month') = datetime(current_time,'start of month','-0 month')",select count(*) > 0 as answer from <SCHEMA>.drug_exposure de join <SCHEMA>.person p on p.person_id = de.person_id where p.person_source_value = {patient_id} {time_filter_global1:de.drug_exposure_start_date},time_filter_global1,time_filter_global1: abs-month-since | abs-year-in | mix-month-last_year | null | rel-hosp-cur | rel-month-this | rel-month-until | rel-year-this | rel-year-until,patient_id,9,9,NO,low,,
ehrsql_107,count the number of drugs patient {patient_id} were prescribed [time_filter_global1].,select count(distinct de.drug_concept_id) from <SCHEMA>.drug_exposure de join <SCHEMA>.person p on p.person_id = de.person_id where p.person_source_value = {patient_id} {time_filter_global1:de.drug_exposure_start_date},Count the number of drugs that have been prescribed to patient 48637 since 2102.,"select count(distinct prescriptions.drug) from prescriptions where prescriptions.hadm_id in ( select admissions.hadm_id from admissions where admissions.subject_id = 83358 ) and strftime('%y-%m',prescriptions.startdate) <= '2105-06'",select count(distinct de.drug_concept_id) from <SCHEMA>.drug_exposure de join <SCHEMA>.person p on p.person_id = de.person_id where p.person_source_value = {patient_id} {time_filter_global1:de.drug_exposure_start_date},time_filter_global1,time_filter_global1: abs-year-since | abs-year-until | rel-month-this | rel-year-since,patient_id,4,5,NO,low,,
ehrsql_088,has_verb patient {patient_id} been prescribed {drug_name} [time_filter_global1]?,select count(*) > 0 as answer from <SCHEMA>.drug_exposure de join <SCHEMA>.person p on p.person_id = de.person_id where p.person_source_value = {patient_id} {drug_filter:drug_name:de.drug_concept_id} {time_filter_global1:de.drug_exposure_start_date},"In the first hospital visit, was patient 27392 prescribed insulin?","select count(*)>0 from prescriptions where prescriptions.hadm_id in ( select admissions.hadm_id from admissions where admissions.subject_id = 26793 ) and prescriptions.drug = '0.9% sodium chloride' and strftime('%y',prescriptions.startdate) = '2105'",select count(*) > 0 as answer from <SCHEMA>.drug_exposure de join <SCHEMA>.person p on p.person_id = de.person_id where p.person_source_value = {patient_id} {drug_filter:drug_name:de.drug_concept_id} {time_filter_global1:de.drug_exposure_start_date},time_filter_global1,time_filter_global1: abs-month-in | abs-month-until | rel-hosp-first | rel-year-since | rel-year-this | rel-year-until,drug_name; patient_id,6,12,NO,low,,
ehrsql_108,count the number of times that patient {patient_id} were prescribed {drug_name} [time_filter_global1].,select count(*) from <SCHEMA>.drug_exposure de join <SCHEMA>.person p on p.person_id = de.person_id where p.person_source_value = {patient_id} {drug_filter:drug_name:de.drug_concept_id} {time_filter_global1:de.drug_exposure_start_date},Number of times patient 12917 has been prescribed D5W since 04/2103.,"select count(*) from prescriptions where prescriptions.hadm_id in ( select admissions.hadm_id from admissions where admissions.subject_id = 42829 ) and prescriptions.drug = 'metoclopramide' and datetime(prescriptions.startdate,'start of month') = datetime(current_time,'start of month','-0 month')",select count(*) from <SCHEMA>.drug_exposure de join <SCHEMA>.person p on p.person_id = de.person_id where p.person_source_value = {patient_id} {drug_filter:drug_name:de.drug_concept_id} {time_filter_global1:de.drug_exposure_start_date},time_filter_global1,time_filter_global1: abs-month-in | abs-month-since | abs-year-since | rel-month-until | rel-year-this | rel-year-until,drug_name; patient_id,6,14,NO,low,,
ehrsql_039,what was the total amount of dose of {drug_name} that patient {patient_id} were prescribed [time_filter_global1]?,select sum(de.quantity) as answer from <SCHEMA>.drug_exposure de join <SCHEMA>.person p on p.person_id = de.person_id where p.person_source_value = {patient_id} {drug_filter:drug_name:de.drug_concept_id} {time_filter_global1:de.drug_exposure_start_date},Can you tell me the amount of metoclopramide that patient 51177 was prescribed in the previous month?,"select sum(prescriptions.dose_val_rx) from prescriptions where prescriptions.hadm_id in ( select admissions.hadm_id from admissions where admissions.subject_id = 85010 ) and prescriptions.drug = 'neo*iv*caffeine citrate' and datetime(prescriptions.startdate,'start of month') = datetime(current_time,'start of month','-1 month')",select sum(de.quantity) as answer from <SCHEMA>.drug_exposure de join <SCHEMA>.person p on p.person_id = de.person_id where p.person_source_value = {patient_id} {drug_filter:drug_name:de.drug_concept_id} {time_filter_global1:de.drug_exposure_start_date},time_filter_global1,time_filter_global1: rel-hosp-cur | rel-hosp-first | rel-month-last | rel-month-since | rel-month-this,drug_name; patient_id,5,12,NO,low,,
ehrsql_086,"has_verb patient {patient_id} been prescribed {drug_name1}, {drug_name2}, or {drug_name3} [time_filter_global1]?",select count(distinct de.drug_concept_id) > 0 as answer from <SCHEMA>.drug_exposure de join <SCHEMA>.person p on p.person_id = de.person_id where p.person_source_value = {patient_id} and ({drug_filter:drug_name1:de.drug_concept_id} or {drug_filter:drug_name2:de.drug_concept_id} or {drug_filter:drug_name3:de.drug_concept_id}) {time_filter_global1:de.drug_exposure_start_date},"Was patient 808 prescribed multivitamins, GoLYTELY, or albuterol 0.083% neb soln during this hospital visit?","select count(*)>0 from prescriptions where prescriptions.hadm_id in ( select admissions.hadm_id from admissions where admissions.subject_id = 23237 ) and prescriptions.drug in ( 'albuterol inhaler', 'calcium gluconate', 'lorazepam' ) and strftime('%y-%m',prescriptions.startdate) = '2105-12'",select count(distinct de.drug_concept_id) > 0 as answer from <SCHEMA>.drug_exposure de join <SCHEMA>.person p on p.person_id = de.person_id where p.person_source_value = {patient_id} and ({drug_filter:drug_name1:de.drug_concept_id} or {drug_filter:drug_name2:de.drug_concept_id} or {drug_filter:drug_name3:de.drug_concept_id}) {time_filter_global1:de.drug_exposure_start_date},time_filter_global1,time_filter_global1: abs-month-in | abs-month-since | abs-month-until | rel-hosp-cur | rel-year-last | rel-year-this,drug_name1; drug_name2; drug_name3; patient_id,6,23,NO,low,,
ehrsql_064,when was the [time_filter_exact1] prescription time of patient {patient_id} [time_filter_global1]?,select de.drug_exposure_start_datetime as answer from <SCHEMA>.drug_exposure de join <SCHEMA>.person p on p.person_id = de.person_id where p.person_source_value = {patient_id} {time_filter_global1:de.drug_exposure_start_date} {time_filter_exact1:de.drug_exposure_start_datetime},When did patient 32329 receive a prescription in June of last year?,"select prescriptions.startdate from prescriptions where prescriptions.hadm_id in ( select admissions.hadm_id from admissions where admissions.subject_id = 70950 ) and datetime(prescriptions.startdate) >= datetime(current_time,'-56 month') order by prescriptions.startdate asc limit 1",select de.drug_exposure_start_datetime as answer from <SCHEMA>.drug_exposure de join <SCHEMA>.person p on p.person_id = de.person_id where p.person_source_value = {patient_id} {time_filter_global1:de.drug_exposure_start_date} {time_filter_exact1:de.drug_exposure_start_datetime},time_filter_exact1; time_filter_global1,time_filter_exact1: exact-first | exact-last; time_filter_global1: abs-month-since | abs-month-until | mix-month-last_year | null | rel-hosp-cur | rel-hosp-first | rel-hosp-last | rel-month-until,patient_id,9,14,NO,low,,
ehrsql_035,what was the name of the drug that patient {patient_id} was [time_filter_exact1] prescribed [time_filter_global1]?,select c.concept_name as answer from <SCHEMA>.drug_exposure de join <SCHEMA>.concept c on c.concept_id = de.drug_concept_id join <SCHEMA>.person p on p.person_id = de.person_id where p.person_source_value = {patient_id} {time_filter_global1:de.drug_exposure_start_date} {time_filter_exact1:de.drug_exposure_start_datetime},What medication was prescribed to patient 31260 last in January of this year?,"select prescriptions.drug from prescriptions where prescriptions.hadm_id in ( select admissions.hadm_id from admissions where admissions.subject_id = 3929 ) and datetime(prescriptions.startdate,'start of year') = datetime(current_time,'start of year','-0 year') and strftime('%m',prescriptions.startdate) = '05' order by prescriptions.startdate asc limit 1",select c.concept_name as answer from <SCHEMA>.drug_exposure de join <SCHEMA>.concept c on c.concept_id = de.drug_concept_id join <SCHEMA>.person p on p.person_id = de.person_id where p.person_source_value = {patient_id} {time_filter_global1:de.drug_exposure_start_date} {time_filter_exact1:de.drug_exposure_start_datetime},time_filter_exact1; time_filter_global1,time_filter_exact1: exact-first | exact-last; time_filter_global1: abs-month-since | abs-month-until | mix-month-this_year | null | rel-hosp-cur | rel-hosp-first | rel-month-until,patient_id,8,10,NO,low,,
ehrsql_065,when was the [time_filter_exact1] time that patient {patient_id} was prescribed {drug_name} [time_filter_global1]?,select de.drug_exposure_start_datetime as answer from <SCHEMA>.drug_exposure de join <SCHEMA>.person p on p.person_id = de.person_id where p.person_source_value = {patient_id} {drug_filter:drug_name:de.drug_concept_id} {time_filter_global1:de.drug_exposure_start_date} {time_filter_exact1:de.drug_exposure_start_datetime},When was simethicone first prescribed to patient 23237 during this month?,"select prescriptions.startdate from prescriptions where prescriptions.hadm_id in ( select admissions.hadm_id from admissions where admissions.subject_id = 26793 ) and prescriptions.drug = 'zofran' and datetime(prescriptions.startdate) >= datetime(current_time,'-147 month') order by prescriptions.startdate desc limit 1",select de.drug_exposure_start_datetime as answer from <SCHEMA>.drug_exposure de join <SCHEMA>.person p on p.person_id = de.person_id where p.person_source_value = {patient_id} {drug_filter:drug_name:de.drug_concept_id} {time_filter_global1:de.drug_exposure_start_date} {time_filter_exact1:de.drug_exposure_start_datetime},time_filter_exact1; time_filter_global1,time_filter_exact1: exact-first; time_filter_global1: abs-month-in | mix-month-last_year | null | rel-hosp-first | rel-month-last | rel-month-this,drug_name; patient_id,6,12,NO,low,,
ehrsql_038,what was the dose of {drug_name} that patient {patient_id} was [time_filter_exact1] prescribed [time_filter_global1]?,select de.quantity as answer from <SCHEMA>.drug_exposure de join <SCHEMA>.person p on p.person_id = de.person_id where p.person_source_value = {patient_id} {drug_filter:drug_name:de.drug_concept_id} {time_filter_global1:de.drug_exposure_start_date} {time_filter_exact1:de.drug_exposure_start_datetime},What was the last dose of dexamethasone that was prescribed to patient 20166 in the last hospital encounter?,"select prescriptions.dose_val_rx from prescriptions where prescriptions.hadm_id in ( select admissions.hadm_id from admissions where admissions.subject_id = 78086 ) and prescriptions.drug = 'metoprolol' and datetime(prescriptions.startdate) <= datetime(current_time,'-6 month') order by prescriptions.startdate asc limit 1",select de.quantity as answer from <SCHEMA>.drug_exposure de join <SCHEMA>.person p on p.person_id = de.person_id where p.person_source_value = {patient_id} {drug_filter:drug_name:de.drug_concept_id} {time_filter_global1:de.drug_exposure_start_date} {time_filter_exact1:de.drug_exposure_start_datetime},time_filter_exact1; time_filter_global1,time_filter_exact1: exact-first | exact-last; time_filter_global1: abs-month-in | mix-month-this_year | rel-hosp-last | rel-month-last | rel-month-this | rel-month-until,drug_name; patient_id,6,12,NO,low,,
ehrsql_034,what was the name of the drug that patient {patient_id} was [time_filter_exact1] prescribed via {drug_route} route [time_filter_global1]?,select c.concept_name as answer from <SCHEMA>.drug_exposure de join <SCHEMA>.concept c on c.concept_id = de.drug_concept_id join <SCHEMA>.person p on p.person_id = de.person_id where p.person_source_value = {patient_id} {source_value_filter:drug_route:de.route_source_value} {time_filter_global1:de.drug_exposure_start_date} {time_filter_exact1:de.drug_exposure_start_datetime},What was the drug prescribed to patient 23070 for the first time via the PR route during this month?,"select prescriptions.drug from prescriptions where prescriptions.hadm_id in ( select admissions.hadm_id from admissions where admissions.subject_id = 22315 ) and prescriptions.route = 'td' and datetime(prescriptions.startdate) >= datetime(current_time,'-145 month') order by prescriptions.startdate desc limit 1",select c.concept_name as answer from <SCHEMA>.drug_exposure de join <SCHEMA>.concept c on c.concept_id = de.drug_concept_id join <SCHEMA>.person p on p.person_id = de.person_id where p.person_source_value = {patient_id} {source_value_filter:drug_route:de.route_source_value} {time_filter_global1:de.drug_exposure_start_date} {time_filter_exact1:de.drug_exposure_start_datetime},time_filter_exact1; time_filter_global1,time_filter_exact1: exact-first | exact-last; time_filter_global1: abs-month-since | abs-month-until | mix-month-last_year | rel-hosp-cur | rel-hosp-first | rel-hosp-last | rel-month-last | rel-month-since | rel-month-this,drug_route; patient_id,12,28,NO,low,,
ehrsql_067,when was the [time_filter_exact1] time that patient {patient_id} was prescribed a medication via {drug_route} route [time_filter_global1]?,select de.drug_exposure_start_datetime as answer from <SCHEMA>.drug_exposure de join <SCHEMA>.person p on p.person_id = de.person_id where p.person_source_value = {patient_id} {source_value_filter:drug_route:de.route_source_value} {time_filter_global1:de.drug_exposure_start_date} {time_filter_exact1:de.drug_exposure_start_datetime},When was the first time that patient 13054 was prescribed a medicine via oral route during their current hospital visit?,"select prescriptions.startdate from prescriptions where prescriptions.hadm_id in ( select admissions.hadm_id from admissions where admissions.subject_id = 64538 ) and prescriptions.route = 'oral' and strftime('%y-%m',prescriptions.startdate) <= '2103-11' order by prescriptions.startdate asc limit 1",select de.drug_exposure_start_datetime as answer from <SCHEMA>.drug_exposure de join <SCHEMA>.person p on p.person_id = de.person_id where p.person_source_value = {patient_id} {source_value_filter:drug_route:de.route_source_value} {time_filter_global1:de.drug_exposure_start_date} {time_filter_exact1:de.drug_exposure_start_datetime},time_filter_exact1; time_filter_global1,time_filter_exact1: exact-first | exact-last; time_filter_global1: abs-month-until | mix-month-this_year | rel-hosp-cur | rel-hosp-first | rel-month-until,drug_route; patient_id,5,10,NO,low,,
ehrsql_040,what was the name of the drug that patient {patient_id} were prescribed [n_times] [time_filter_global1]?,select c.concept_name as answer from <SCHEMA>.drug_exposure de join <SCHEMA>.concept c on c.concept_id = de.drug_concept_id join <SCHEMA>.person p on p.person_id = de.person_id where p.person_source_value = {patient_id} {time_filter_global1:de.drug_exposure_start_date} group by c.concept_name {n_times_having},What's the name of the drug that patient 17638 had been prescribed two or more times since 06/2103?,"select t1.drug from ( select prescriptions.drug, count( prescriptions.startdate ) as c1 from prescriptions where prescriptions.hadm_id in ( select admissions.hadm_id from admissions where admissions.subject_id = 20801 ) and strftime('%y-%m',prescriptions.startdate) <= '2105-09' group by prescriptions.drug ) as t1 where t1.c1 = 2",select c.concept_name as answer from <SCHEMA>.drug_exposure de join <SCHEMA>.concept c on c.concept_id = de.drug_concept_id join <SCHEMA>.person p on p.person_id = de.person_id where p.person_source_value = {patient_id} {time_filter_global1:de.drug_exposure_start_date} group by c.concept_name {n_times_having},n_times; time_filter_global1,n_times: two or more times | two times; time_filter_global1: abs-month-in | abs-month-since | rel-hosp-cur | rel-month-last | rel-month-since,patient_id,5,6,NO,low,,
ehrsql_066,when was the [time_filter_exact1] time that patient {patient_id} was prescribed {drug_name1} and {drug_name2} [time_filter_within] [time_filter_global1]?,"with d1 as (select de.person_id, drug_exposure_start_date as d1_date from <SCHEMA>.drug_exposure de join <SCHEMA>.person p on p.person_id = de.person_id where p.person_source_value = {patient_id} {drug_filter:drug_name1:de.drug_concept_id}), d2 as (select de.person_id, drug_exposure_start_date as d2_date from <SCHEMA>.drug_exposure de join <SCHEMA>.person p on p.person_id = de.person_id where p.person_source_value = {patient_id} {drug_filter:drug_name2:de.drug_concept_id}) select d2.d2_date as answer from d1 join d2 on d2.person_id = d1.person_id where 1=1 {time_filter_within:d2.d2_date,d1.d1_date} {time_filter_global1:d2.d2_date} {time_filter_exact1:d2.d2_date}",When was the first time in this month that patient 27146 was prescribed morphine sulfate and hydralazine HCl at the same time?,"select t1.startdate from ( select admissions.subject_id, prescriptions.startdate from prescriptions join admissions on prescriptions.hadm_id = admissions.hadm_id where prescriptions.drug = 'imipenem-cilastatin' and admissions.subject_id = 5364 and datetime(prescriptions.startdate,'start of year') = datetime(current_time,'start of year','-0 year') and strftime('%m',prescriptions.startdate) = '01' ) as t1 join ( select admissions.subject_id, prescriptions.startdate from prescriptions join admissions on prescriptions.hadm_id = admissions.hadm_id where prescriptions.drug = 'propofol' and admissions.subject_id = 5364 and datetime(prescriptions.startdate,'start of year') = datetime(current_time,'start of year','-0 year') and strftime('%m',prescriptions.startdate) = '01' ) as t2 on t1.subject_id = t2.subject_id where datetime(t1.startdate) = datetime(t2.startdate) order by t1.startdate desc limit 1","with d1 as (select de.person_id, drug_exposure_start_date as d1_date from <SCHEMA>.drug_exposure de join <SCHEMA>.person p on p.person_id = de.person_id where p.person_source_value = {patient_id} {drug_filter:drug_name1:de.drug_concept_id}), d2 as (select de.person_id, drug_exposure_start_date as d2_date from <SCHEMA>.drug_exposure de join <SCHEMA>.person p on p.person_id = de.person_id where p.person_source_value = {patient_id} {drug_filter:drug_name2:de.drug_concept_id}) select d2.d2_date as answer from d1 join d2 on d2.person_id = d1.person_id where 1=1 {time_filter_within:d2.d2_date,d1.d1_date} {time_filter_global1:d2.d2_date} {time_filter_exact1:d2.d2_date}",time_filter_exact1; time_filter_within; time_filter_global1,time_filter_exact1: exact-first | exact-last; time_filter_global1: abs-month-in | abs-month-since | mix-month-last_year | rel-month-this; time_filter_within: within-same,drug_name1; drug_name2; patient_id,4,12,YES,high,time_filter_within,"within subtype can switch between same-visit, same-month, and interval relations over two event queries"
ehrsql_151,what are_verb the top [n_rank] frequently prescribed drugs [time_filter_global1]?,"select c.concept_name from (select de.drug_concept_id as concept_id, count(*) as n from <SCHEMA>.drug_exposure de where 1=1 {time_filter_global1:de.drug_exposure_start_date} group by de.drug_concept_id order by n desc {n_rank_limit}) r join <SCHEMA>.concept c on c.concept_id = r.concept_id order by r.n desc",Give me the top five most commonly prescribed drugs from the previous year.,"select t1.drug from ( select prescriptions.drug, dense_rank() over ( order by count(*) desc ) as c1 from prescriptions group by prescriptions.drug ) as t1 where t1.c1 <= 5","select c.concept_name from (select de.drug_concept_id as concept_id, count(*) as n from <SCHEMA>.drug_exposure de where 1=1 {time_filter_global1:de.drug_exposure_start_date} group by de.drug_concept_id order by n desc {n_rank_limit}) r join <SCHEMA>.concept c on c.concept_id = r.concept_id order by r.n desc",n_rank; time_filter_global1,n_rank: five | four | three; time_filter_global1: abs-year-since | abs-year-until | rel-year-last | rel-year-since | rel-year-until,NONE,8,0,NO,low,,
ehrsql_041,what is the new prescription of patient {patient_id} [time_filter_global2] compared to the prescription [time_filter_global1]?,"with prior_drugs as (select distinct de.drug_concept_id from <SCHEMA>.drug_exposure de join <SCHEMA>.person p on p.person_id = de.person_id where p.person_source_value = {patient_id} {time_filter_global1:de.drug_exposure_start_date}), current_drugs as (select distinct de.drug_concept_id from <SCHEMA>.drug_exposure de join <SCHEMA>.person p on p.person_id = de.person_id where p.person_source_value = {patient_id} {time_filter_global2:de.drug_exposure_start_date}) select c.concept_name from current_drugs cd join <SCHEMA>.concept c on c.concept_id = cd.drug_concept_id where not exists (select 1 from prior_drugs pd where pd.drug_concept_id = cd.drug_concept_id)",What is the new prescription for patient 1784 today compared to the prescription yesterday?,"select prescriptions.drug from prescriptions where prescriptions.hadm_id in ( select admissions.hadm_id from admissions where admissions.subject_id = 808 ) and datetime(prescriptions.startdate,'start of day') = datetime(current_time,'start of day','-0 day') except select prescriptions.drug from prescriptions where prescriptions.hadm_id in ( select admissions.hadm_id from admissions where admissions.subject_id = 808 ) and datetime(prescriptions.startdate,'start of day') = datetime(current_time,'start of day','-1 day')","with prior_drugs as (select distinct de.drug_concept_id from <SCHEMA>.drug_exposure de join <SCHEMA>.person p on p.person_id = de.person_id where p.person_source_value = {patient_id} {time_filter_global1:de.drug_exposure_start_date}), current_drugs as (select distinct de.drug_concept_id from <SCHEMA>.drug_exposure de join <SCHEMA>.person p on p.person_id = de.person_id where p.person_source_value = {patient_id} {time_filter_global2:de.drug_exposure_start_date}) select c.concept_name from current_drugs cd join <SCHEMA>.concept c on c.concept_id = cd.drug_concept_id where not exists (select 1 from prior_drugs pd where pd.drug_concept_id = cd.drug_concept_id)",time_filter_global2; time_filter_global1,time_filter_global1: rel-day-last; time_filter_global2: rel-day-this,patient_id,1,7,YES,high,time_filter_global1; time_filter_global2,paired event/value extraction may require two separately filtered subqueries
ehrsql_153,what are_verb the top [n_rank] frequent prescribed drugs for patients who were also prescribed {drug_name} [time_filter_within] [time_filter_global1]?,"with index_drug as (select distinct de.person_id, de.drug_exposure_start_date as index_date from <SCHEMA>.drug_exposure de where 1=1 {drug_filter:drug_name:de.drug_concept_id} {time_filter_global1:de.drug_exposure_start_date}) select c.concept_name from (select de2.drug_concept_id as concept_id, count(*) as n from index_drug idx join <SCHEMA>.drug_exposure de2 on de2.person_id = idx.person_id where de2.drug_exposure_start_date != idx.index_date {time_filter_within:de2.drug_exposure_start_date,idx.index_date} group by de2.drug_concept_id order by n desc {n_rank_limit}) r join <SCHEMA>.concept c on c.concept_id = r.concept_id order by r.n desc",What were the three most commonly prescribed drugs for patients in 2101 who were also prescribed valsartan at the same time?,"select t3.drug from ( select t2.drug, dense_rank() over ( order by count(*) desc ) as c1 from ( select admissions.subject_id, prescriptions.startdate from prescriptions join admissions on prescriptions.hadm_id = admissions.hadm_id where prescriptions.drug = 'spironolactone' and datetime(prescriptions.startdate,'start of year') = datetime(current_time,'start of year','-1 year') ) as t1 join ( select admissions.subject_id, prescriptions.drug, prescriptions.startdate from prescriptions join admissions on prescriptions.hadm_id = admissions.hadm_id where datetime(prescriptions.startdate,'start of year') = datetime(current_time,'start of year','-1 year') ) as t2 on t1.subject_id = t2.subject_id where datetime(t1.startdate) = datetime(t2.startdate) group by t2.drug ) as t3 where t3.c1 <= 4","with index_drug as (select distinct de.person_id, de.drug_exposure_start_date as index_date from <SCHEMA>.drug_exposure de where 1=1 {drug_filter:drug_name:de.drug_concept_id} {time_filter_global1:de.drug_exposure_start_date}) select c.concept_name from (select de2.drug_concept_id as concept_id, count(*) as n from index_drug idx join <SCHEMA>.drug_exposure de2 on de2.person_id = idx.person_id where de2.drug_exposure_start_date != idx.index_date {time_filter_within:de2.drug_exposure_start_date,idx.index_date} group by de2.drug_concept_id order by n desc {n_rank_limit}) r join <SCHEMA>.concept c on c.concept_id = r.concept_id order by r.n desc",n_rank; time_filter_within; time_filter_global1,n_rank: five | four | three; time_filter_global1: abs-year-in | abs-year-since | abs-year-until | null | rel-year-last | rel-year-since; time_filter_within: within-same,drug_name,10,13,YES,high,time_filter_within,"within subtype can switch between same-visit, same-month, and interval relations over two event queries"
ehrsql_154,what are_verb the top [n_rank] frequent drugs that patients were prescribed [time_filter_within] after having been prescribed with {drug_name} [time_filter_global1]?,"with index_drug as (select distinct de.person_id, de.drug_exposure_start_date as index_date from <SCHEMA>.drug_exposure de where 1=1 {drug_filter:drug_name:de.drug_concept_id} {time_filter_global1:de.drug_exposure_start_date}) select c.concept_name from (select de2.drug_concept_id as concept_id, count(*) as n from index_drug idx join <SCHEMA>.drug_exposure de2 on de2.person_id = idx.person_id where de2.drug_exposure_start_date > idx.index_date {time_filter_within:de2.drug_exposure_start_date,idx.index_date} group by de2.drug_concept_id order by n desc {n_rank_limit}) r join <SCHEMA>.concept c on c.concept_id = r.concept_id order by r.n desc","For patients who were prescribed vancomycin hcl in 2100, what are the top three most frequently prescribed drugs that followed during the same hospital encounter?","select t3.drug from ( select t2.drug, dense_rank() over ( order by count(*) desc ) as c1 from ( select admissions.subject_id, prescriptions.startdate from prescriptions join admissions on prescriptions.hadm_id = admissions.hadm_id where prescriptions.drug = 'sterile diluent for flolan' and datetime(prescriptions.startdate) <= datetime(current_time,'-2 year') ) as t1 join ( select admissions.subject_id, prescriptions.drug, prescriptions.startdate from prescriptions join admissions on prescriptions.hadm_id = admissions.hadm_id where datetime(prescriptions.startdate) <= datetime(current_time,'-2 year') ) as t2 on t1.subject_id = t2.subject_id where t1.startdate < t2.startdate and datetime(t2.startdate) between datetime(t1.startdate) and datetime(t1.startdate,'+2 month') group by t2.drug ) as t3 where t3.c1 <= 4","with index_drug as (select distinct de.person_id, de.drug_exposure_start_date as index_date from <SCHEMA>.drug_exposure de where 1=1 {drug_filter:drug_name:de.drug_concept_id} {time_filter_global1:de.drug_exposure_start_date}) select c.concept_name from (select de2.drug_concept_id as concept_id, count(*) as n from index_drug idx join <SCHEMA>.drug_exposure de2 on de2.person_id = idx.person_id where de2.drug_exposure_start_date > idx.index_date {time_filter_within:de2.drug_exposure_start_date,idx.index_date} group by de2.drug_concept_id order by n desc {n_rank_limit}) r join <SCHEMA>.concept c on c.concept_id = r.concept_id order by r.n desc",n_rank; time_filter_within; time_filter_global1,n_rank: five | four | three; time_filter_global1: abs-year-in | abs-year-since | null | rel-year-until; time_filter_within: within-hosp | within-n_month,drug_name,5,5,YES,high,time_filter_within,"within subtype can switch between same-visit, same-month, and interval relations over two event queries"
ehrsql_138,count the number of patients who were prescribed {drug_name} [time_filter_within] after having received a {procedure_name} procedure [time_filter_global1].,"with index_proc as (select distinct po.person_id, po.procedure_date as index_date from <SCHEMA>.procedure_occurrence po where 1=1 {procedure_filter:procedure_name:po.procedure_concept_id} {time_filter_global1:po.procedure_date}) select count(distinct de.person_id) from index_proc idx join <SCHEMA>.drug_exposure de on de.person_id = idx.person_id join <SCHEMA>.concept c on c.concept_id = de.drug_concept_id where de.drug_exposure_start_date > idx.index_date {drug_filter:drug_name:de.drug_concept_id} {time_filter_within:de.drug_exposure_start_date,idx.index_date}",How many patients were prescribed furosemide during the same hospital visit after undergoing a contrast aortogram in 2102?,"select count( distinct t1.subject_id ) from ( select admissions.subject_id, procedures_icd.charttime, admissions.hadm_id from procedures_icd join admissions on procedures_icd.hadm_id = admissions.hadm_id where procedures_icd.icd9_code = ( select d_icd_procedures.icd9_code from d_icd_procedures where d_icd_procedures.short_title = 'cont inv mec ven 96+ hrs' ) and strftime('%y',procedures_icd.charttime) <= '2102' ) as t1 join ( select admissions.subject_id, prescriptions.startdate, admissions.hadm_id from prescriptions join admissions on prescriptions.hadm_id = admissions.hadm_id where prescriptions.drug = 'methadone hcl' and strftime('%y',prescriptions.startdate) <= '2102' ) as t2 on t1.subject_id = t2.subject_id where t1.charttime < t2.startdate and t1.hadm_id = t2.hadm_id","with index_proc as (select distinct po.person_id, po.procedure_date as index_date from <SCHEMA>.procedure_occurrence po where 1=1 {procedure_filter:procedure_name:po.procedure_concept_id} {time_filter_global1:po.procedure_date}) select count(distinct de.person_id) from index_proc idx join <SCHEMA>.drug_exposure de on de.person_id = idx.person_id join <SCHEMA>.concept c on c.concept_id = de.drug_concept_id where de.drug_exposure_start_date > idx.index_date {drug_filter:drug_name:de.drug_concept_id} {time_filter_within:de.drug_exposure_start_date,idx.index_date}",time_filter_within; time_filter_global1,time_filter_global1: abs-year-in | abs-year-until | null | rel-year-last | rel-year-since | rel-year-this | rel-year-until; time_filter_within: within-hosp | within-month | within-n_month,drug_name; procedure_name,9,20,YES,high,time_filter_within,"within subtype can switch between same-visit, same-month, and interval relations over two event queries"
ehrsql_037,what was the name of the drug that patient {patient_id} was prescribed [time_filter_within] after having received a {procedure_name} procedure [time_filter_global1]?,"with index_proc as (select distinct po.person_id, po.procedure_date as index_date from <SCHEMA>.procedure_occurrence po where 1=1 {procedure_filter:procedure_name:po.procedure_concept_id} {time_filter_global1:po.procedure_date}) select c.concept_name as answer from index_proc idx join <SCHEMA>.drug_exposure de on de.person_id = idx.person_id join <SCHEMA>.concept c on c.concept_id = de.drug_concept_id join <SCHEMA>.person p on p.person_id = idx.person_id where de.drug_exposure_start_date > idx.index_date and p.person_source_value = {patient_id} {time_filter_within:de.drug_exposure_start_date,idx.index_date}",What's the name of the drug that patient 14467 was prescribed within 2 days after receiving a closed bronchial biopsy procedure in this month?,"select t2.drug from ( select admissions.subject_id, procedures_icd.charttime from procedures_icd join admissions on procedures_icd.hadm_id = admissions.hadm_id where admissions.subject_id = 54386 and procedures_icd.icd9_code = ( select d_icd_procedures.icd9_code from d_icd_procedures where d_icd_procedures.short_title = 'entral infus nutrit sub' ) and admissions.dischtime is not null order by admissions.admittime desc limit 1 ) as t1 join ( select admissions.subject_id, prescriptions.drug, prescriptions.startdate from prescriptions join admissions on prescriptions.hadm_id = admissions.hadm_id where admissions.subject_id = 54386 and admissions.dischtime is not null order by admissions.admittime desc limit 1 ) as t2 on t1.subject_id = t2.subject_id where t1.charttime < t2.startdate and datetime(t2.startdate) between datetime(t1.charttime) and datetime(t1.charttime,'+2 day')","with index_proc as (select distinct po.person_id, po.procedure_date as index_date from <SCHEMA>.procedure_occurrence po where 1=1 {procedure_filter:procedure_name:po.procedure_concept_id} {time_filter_global1:po.procedure_date}) select c.concept_name as answer from index_proc idx join <SCHEMA>.drug_exposure de on de.person_id = idx.person_id join <SCHEMA>.concept c on c.concept_id = de.drug_concept_id join <SCHEMA>.person p on p.person_id = idx.person_id where de.drug_exposure_start_date > idx.index_date and p.person_source_value = {patient_id} {time_filter_within:de.drug_exposure_start_date,idx.index_date}",time_filter_within; time_filter_global1,time_filter_global1: abs-month-until | null | rel-month-since | rel-month-this | rel-month-until; time_filter_within: within-hosp | within-n_day,patient_id; procedure_name,5,9,YES,high,time_filter_within,"within subtype can switch between same-visit, same-month, and interval relations over two event queries"
ehrsql_155,what are_verb the top [n_rank] frequently prescribed drugs that patients were prescribed [time_filter_within] after having received a {procedure_name} procedure [time_filter_global1]?,"with index_proc as (select distinct po.person_id, po.procedure_date as index_date from <SCHEMA>.procedure_occurrence po where 1=1 {procedure_filter:procedure_name:po.procedure_concept_id} {time_filter_global1:po.procedure_date}) select c.concept_name from (select de.drug_concept_id as concept_id, count(*) as n from index_proc idx join <SCHEMA>.drug_exposure de on de.person_id = idx.person_id where de.drug_exposure_start_date > idx.index_date {time_filter_within:de.drug_exposure_start_date,idx.index_date} group by de.drug_concept_id order by n desc {n_rank_limit}) r join <SCHEMA>.concept c on c.concept_id = r.concept_id order by r.n desc",What were the four most prescribed drugs that patients were prescribed in the same hospital encounter after the entral infus nutrit sub procedure in a year before?,"select t3.drug from ( select t2.drug, dense_rank() over ( order by count(*) desc ) as c1 from ( select admissions.subject_id, procedures_icd.charttime, admissions.hadm_id from procedures_icd join admissions on procedures_icd.hadm_id = admissions.hadm_id where procedures_icd.icd9_code = ( select d_icd_procedures.icd9_code from d_icd_procedures where d_icd_procedures.short_title = 'rt/left heart card cath' ) and datetime(procedures_icd.charttime,'start of year') = datetime(current_time,'start of year','-0 year') ) as t1 join ( select admissions.subject_id, prescriptions.drug, prescriptions.startdate, admissions.hadm_id from prescriptions join admissions on prescriptions.hadm_id = admissions.hadm_id where datetime(prescriptions.startdate,'start of year') = datetime(current_time,'start of year','-0 year') ) as t2 on t1.subject_id = t2.subject_id where t1.charttime < t2.startdate and t1.hadm_id = t2.hadm_id group by t2.drug ) as t3 where t3.c1 <= 4","with index_proc as (select distinct po.person_id, po.procedure_date as index_date from <SCHEMA>.procedure_occurrence po where 1=1 {procedure_filter:procedure_name:po.procedure_concept_id} {time_filter_global1:po.procedure_date}) select c.concept_name from (select de.drug_concept_id as concept_id, count(*) as n from index_proc idx join <SCHEMA>.drug_exposure de on de.person_id = idx.person_id where de.drug_exposure_start_date > idx.index_date {time_filter_within:de.drug_exposure_start_date,idx.index_date} group by de.drug_concept_id order by n desc {n_rank_limit}) r join <SCHEMA>.concept c on c.concept_id = r.concept_id order by r.n desc",n_rank; time_filter_within; time_filter_global1,n_rank: five | four; time_filter_global1: abs-year-until | null | rel-year-last | rel-year-this; time_filter_within: within-hosp | within-month | within-n_month,procedure_name,4,5,YES,high,time_filter_within,"within subtype can switch between same-visit, same-month, and interval relations over two event queries"
ehrsql_004,what is the cost of a drug named {drug_name}?,select null::text as answer where false /* unsupported_cost_empty */,What is the price of a drug named phenytoin infatab?,select distinct cost.cost from cost where cost.event_type = 'prescriptions' and cost.event_id in ( select prescriptions.row_id from prescriptions where prescriptions.drug = 'multivitamin-12' ),select null::text as answer where false /* unsupported_cost_empty */,NONE,NONE,drug_name,1,7,YES,unsupported,cdm_support_policy,unsupported_cost_empty
ehrsql_119,what is_verb the [agg_function] total hospital cost that involves a drug named {drug_name} [time_filter_global1]?,select null::text as answer where false /* unsupported_cost_empty */,What is the maximum total cost of a hospital that involves a drug called NS epidural bag (0.9% NaCl) in 2104?,"select min(t1.c1) from ( select sum(cost.cost) as c1 from cost where cost.hadm_id in ( select prescriptions.hadm_id from prescriptions where prescriptions.drug = 'loperamide hcl' ) and strftime('%y',cost.chargetime) = '2101' group by cost.hadm_id ) as t1",select null::text as answer where false /* unsupported_cost_empty */,agg_function; time_filter_global1,agg_function: average | maximum; time_filter_global1: abs-year-in | abs-year-since | rel-year-this,drug_name,3,4,YES,unsupported,cdm_support_policy,unsupported_cost_empty
ehrsql_081,has_verb patient {patient_id} received any procedure [time_filter_global1]?,select count(*) > 0 as answer from <SCHEMA>.procedure_occurrence po join <SCHEMA>.person p on p.person_id = po.person_id where p.person_source_value = {patient_id} {time_filter_global1:po.procedure_date},Has patient 12797 undergone any procedure until 2102?,"select count(*)>0 from procedures_icd where procedures_icd.hadm_id in ( select admissions.hadm_id from admissions where admissions.subject_id = 12797 ) and strftime('%y',procedures_icd.charttime) <= '2102'",select count(*) > 0 as answer from <SCHEMA>.procedure_occurrence po join <SCHEMA>.person p on p.person_id = po.person_id where p.person_source_value = {patient_id} {time_filter_global1:po.procedure_date},time_filter_global1,time_filter_global1: abs-year-in | abs-year-until | null | rel-hosp-first | rel-hosp-last,patient_id,5,6,NO,low,,
ehrsql_135,count the number of {procedure_name} procedure cases [time_filter_global1].,select count(*) from <SCHEMA>.procedure_occurrence po where 1=1 {procedure_filter:procedure_name:po.procedure_concept_id} {time_filter_global1:po.procedure_date},How many times was the inject CA chemother NEC procedure done?,"select count(*) from procedures_icd where procedures_icd.icd9_code = ( select d_icd_procedures.icd9_code from d_icd_procedures where d_icd_procedures.short_title = 'ven cath renal dialysis' ) and strftime('%y',procedures_icd.charttime) >= '2105'",select count(*) from <SCHEMA>.procedure_occurrence po where 1=1 {procedure_filter:procedure_name:po.procedure_concept_id} {time_filter_global1:po.procedure_date},time_filter_global1,time_filter_global1: null | rel-year-last,procedure_name,2,5,NO,low,,
ehrsql_131,count the number of patients who received a {procedure_name} procedure [time_filter_global1].,select count(distinct po.person_id) from <SCHEMA>.procedure_occurrence po where 1=1 {procedure_filter:procedure_name:po.procedure_concept_id} {time_filter_global1:po.procedure_date},What is the number of patients who have had an op red-int fix tib/fibula procedure in this year?,"select count( distinct admissions.subject_id ) from admissions where admissions.hadm_id in ( select procedures_icd.hadm_id from procedures_icd where procedures_icd.icd9_code = ( select d_icd_procedures.icd9_code from d_icd_procedures where d_icd_procedures.short_title = 'prt lg intes exc nec/nos' ) and datetime(procedures_icd.charttime,'start of year') = datetime(current_time,'start of year','-0 year') )",select count(distinct po.person_id) from <SCHEMA>.procedure_occurrence po where 1=1 {procedure_filter:procedure_name:po.procedure_concept_id} {time_filter_global1:po.procedure_date},time_filter_global1,time_filter_global1: abs-year-until | rel-year-since | rel-year-this,procedure_name,3,7,NO,low,,
ehrsql_172,has_verb patient {patient_id} received a {procedure_name} procedure in other than the current hospital [time_filter_global1]?,select count(*) > 0 as answer from <SCHEMA>.procedure_occurrence po left join <SCHEMA>.visit_occurrence v on v.visit_occurrence_id = po.visit_occurrence_id join <SCHEMA>.person p on p.person_id = po.person_id where p.person_source_value = {patient_id} {procedure_filter:procedure_name:po.procedure_concept_id} and (v.visit_end_date is not null or v.visit_occurrence_id is null) {time_filter_global1:po.procedure_date},,,select count(*) > 0 as answer from <SCHEMA>.procedure_occurrence po left join <SCHEMA>.visit_occurrence v on v.visit_occurrence_id = po.visit_occurrence_id join <SCHEMA>.person p on p.person_id = po.person_id where p.person_source_value = {patient_id} {procedure_filter:procedure_name:po.procedure_concept_id} and (v.visit_end_date is not null or v.visit_occurrence_id is null) {time_filter_global1:po.procedure_date},NONE,NONE,NONE,0,0,NO,low,,
ehrsql_082,has_verb patient {patient_id} received a {procedure_name} procedure [time_filter_global1]?,select count(*) > 0 as answer from <SCHEMA>.procedure_occurrence po join <SCHEMA>.person p on p.person_id = po.person_id where p.person_source_value = {patient_id} {procedure_filter:procedure_name:po.procedure_concept_id} {time_filter_global1:po.procedure_date},Had patient 3535 received a contr abd arteriogrm nec procedure until 1 year ago?,select count(*)>0 from procedures_icd where procedures_icd.icd9_code = ( select d_icd_procedures.icd9_code from d_icd_procedures where d_icd_procedures.short_title = 'annuloplasty' ) and procedures_icd.hadm_id in ( select admissions.hadm_id from admissions where admissions.subject_id = 69289 and admissions.dischtime is not null order by admissions.admittime asc limit 1 ),select count(*) > 0 as answer from <SCHEMA>.procedure_occurrence po join <SCHEMA>.person p on p.person_id = po.person_id where p.person_source_value = {patient_id} {procedure_filter:procedure_name:po.procedure_concept_id} {time_filter_global1:po.procedure_date},time_filter_global1,time_filter_global1: abs-year-in | abs-year-since | null | rel-year-last | rel-year-since | rel-year-this | rel-year-until,patient_id; procedure_name,7,28,NO,low,,
ehrsql_106,count the number of times that patient {patient_id} received a {procedure_name} procedure [time_filter_global1].,select count(*) from <SCHEMA>.procedure_occurrence po join <SCHEMA>.person p on p.person_id = po.person_id where p.person_source_value = {patient_id} {procedure_filter:procedure_name:po.procedure_concept_id} {time_filter_global1:po.procedure_date},Count the number of times patient 29447 received a cardiopulm resuscita nos procedure since 2105.,"select count(*) from procedures_icd where procedures_icd.icd9_code = ( select d_icd_procedures.icd9_code from d_icd_procedures where d_icd_procedures.short_title = 'venous cath nec' ) and procedures_icd.hadm_id in ( select admissions.hadm_id from admissions where admissions.subject_id = 26849 ) and datetime(procedures_icd.charttime,'start of year') = datetime(current_time,'start of year','-1 year')",select count(*) from <SCHEMA>.procedure_occurrence po join <SCHEMA>.person p on p.person_id = po.person_id where p.person_source_value = {patient_id} {procedure_filter:procedure_name:po.procedure_concept_id} {time_filter_global1:po.procedure_date},time_filter_global1,time_filter_global1: abs-year-in | abs-year-since | abs-year-until | null | rel-hosp-last | rel-year-last | rel-year-since | rel-year-until,patient_id; procedure_name,8,20,NO,low,,
ehrsql_062,when was the [time_filter_exact1] procedure time of patient {patient_id} [time_filter_global1]?,select po.procedure_datetime as answer from <SCHEMA>.procedure_occurrence po join <SCHEMA>.person p on p.person_id = po.person_id where p.person_source_value = {patient_id} {time_filter_global1:po.procedure_date} {time_filter_exact1:po.procedure_datetime},What was the first procedure time for patient 47460 since 2105?,select procedures_icd.charttime from procedures_icd where procedures_icd.hadm_id in ( select admissions.hadm_id from admissions where admissions.subject_id = 4758 and admissions.dischtime is not null order by admissions.admittime desc limit 1 ) order by procedures_icd.charttime desc limit 1,select po.procedure_datetime as answer from <SCHEMA>.procedure_occurrence po join <SCHEMA>.person p on p.person_id = po.person_id where p.person_source_value = {patient_id} {time_filter_global1:po.procedure_date} {time_filter_exact1:po.procedure_datetime},time_filter_exact1; time_filter_global1,time_filter_exact1: exact-first | exact-last; time_filter_global1: abs-year-in | abs-year-since | abs-year-until | null | rel-hosp-first | rel-year-this | rel-year-until,patient_id,8,8,NO,low,,
ehrsql_033,what was the name of the procedure that patient {patient_id} [time_filter_exact1] received [time_filter_global1]?,select c.concept_name as answer from <SCHEMA>.procedure_occurrence po join <SCHEMA>.concept c on c.concept_id = po.procedure_concept_id join <SCHEMA>.person p on p.person_id = po.person_id where p.person_source_value = {patient_id} {time_filter_global1:po.procedure_date} {time_filter_exact1:po.procedure_datetime},What procedure was performed on patient 56348 for the last time until 2 years ago?,"select d_icd_procedures.short_title from d_icd_procedures where d_icd_procedures.icd9_code in ( select procedures_icd.icd9_code from procedures_icd where procedures_icd.hadm_id in ( select admissions.hadm_id from admissions where admissions.subject_id = 74392 ) and strftime('%y',procedures_icd.charttime) <= '2102' order by procedures_icd.charttime asc limit 1 )",select c.concept_name as answer from <SCHEMA>.procedure_occurrence po join <SCHEMA>.concept c on c.concept_id = po.procedure_concept_id join <SCHEMA>.person p on p.person_id = po.person_id where p.person_source_value = {patient_id} {time_filter_global1:po.procedure_date} {time_filter_exact1:po.procedure_datetime},time_filter_exact1; time_filter_global1,time_filter_exact1: exact-first | exact-last; time_filter_global1: abs-year-until | rel-hosp-last | rel-year-last | rel-year-since | rel-year-until,patient_id,5,7,NO,low,,
ehrsql_063,when was the [time_filter_exact1] time that patient {patient_id} received a {procedure_name} procedure [time_filter_global1]?,select po.procedure_datetime as answer from <SCHEMA>.procedure_occurrence po join <SCHEMA>.person p on p.person_id = po.person_id where p.person_source_value = {patient_id} {procedure_filter:procedure_name:po.procedure_concept_id} {time_filter_global1:po.procedure_date} {time_filter_exact1:po.procedure_datetime},When was the last time since 3 years ago that patient 94316 received a nonop remov hrt asst sys procedure?,"select procedures_icd.charttime from procedures_icd where procedures_icd.icd9_code = ( select d_icd_procedures.icd9_code from d_icd_procedures where d_icd_procedures.short_title = 'excision of joint nec' ) and procedures_icd.hadm_id in ( select admissions.hadm_id from admissions where admissions.subject_id = 2334 ) and strftime('%y',procedures_icd.charttime) = '2103' order by procedures_icd.charttime desc limit 1",select po.procedure_datetime as answer from <SCHEMA>.procedure_occurrence po join <SCHEMA>.person p on p.person_id = po.person_id where p.person_source_value = {patient_id} {procedure_filter:procedure_name:po.procedure_concept_id} {time_filter_global1:po.procedure_date} {time_filter_exact1:po.procedure_datetime},time_filter_exact1; time_filter_global1,time_filter_exact1: exact-first | exact-last; time_filter_global1: abs-year-since | abs-year-until | null | rel-hosp-first | rel-year-since,patient_id; procedure_name,5,14,NO,low,,
ehrsql_132,count the number of patients who received a {procedure_name} procedure [n_times] [time_filter_global1].,select count(distinct po.person_id) from <SCHEMA>.procedure_occurrence po where 1=1 {procedure_filter:procedure_name:po.procedure_concept_id} {time_filter_global1:po.procedure_date} group by po.person_id {n_times_having},Count the number of patients that have had an inject into thorax cavit procedure two or more times in this year.,"select count( distinct t1.subject_id ) from ( select admissions.subject_id, count(*) as c1 from procedures_icd join admissions on procedures_icd.hadm_id = admissions.hadm_id where procedures_icd.icd9_code = ( select d_icd_procedures.icd9_code from d_icd_procedures where d_icd_procedures.short_title = 'annuloplasty' ) group by admissions.subject_id ) as t1 where t1.c1 = 2",select count(distinct po.person_id) from <SCHEMA>.procedure_occurrence po where 1=1 {procedure_filter:procedure_name:po.procedure_concept_id} {time_filter_global1:po.procedure_date} group by po.person_id {n_times_having},n_times; time_filter_global1,n_times: two or more times | two times; time_filter_global1: abs-year-in | abs-year-until | rel-year-this | rel-year-until,procedure_name,5,7,NO,low,,
ehrsql_083,what was the name of the procedure that patient {patient_id} received [n_times] [time_filter_global1]?,select c.concept_name as answer from <SCHEMA>.procedure_occurrence po join <SCHEMA>.concept c on c.concept_id = po.procedure_concept_id join <SCHEMA>.person p on p.person_id = po.person_id where p.person_source_value = {patient_id} {time_filter_global1:po.procedure_date} group by c.concept_name {n_times_having},What is the name of the procedure that patient 14397 underwent two times in this month?,"select d_icd_procedures.short_title from d_icd_procedures where d_icd_procedures.icd9_code in ( select t1.icd9_code from ( select procedures_icd.icd9_code, count( procedures_icd.charttime ) as c1 from procedures_icd where procedures_icd.hadm_id in ( select admissions.hadm_id from admissions where admissions.subject_id = 73713 ) and strftime('%y-%m',procedures_icd.charttime) >= '2105-11' group by procedures_icd.icd9_code ) as t1 where t1.c1 = 2 )",select c.concept_name as answer from <SCHEMA>.procedure_occurrence po join <SCHEMA>.concept c on c.concept_id = po.procedure_concept_id join <SCHEMA>.person p on p.person_id = po.person_id where p.person_source_value = {patient_id} {time_filter_global1:po.procedure_date} group by c.concept_name {n_times_having},n_times; time_filter_global1,n_times: two or more times | two times; time_filter_global1: abs-month-since | abs-month-until | rel-month-since | rel-month-this,patient_id,4,4,NO,low,,
ehrsql_147,what are_verb the top [n_rank] frequent procedures [time_filter_global1]?,"select c.concept_name from (select po.procedure_concept_id as concept_id, count(*) as n from <SCHEMA>.procedure_occurrence po where 1=1 {time_filter_global1:po.procedure_date} group by po.procedure_concept_id order by n desc {n_rank_limit}) r join <SCHEMA>.concept c on c.concept_id = r.concept_id order by r.n desc",What are the five most frequent procedures performed this year?,"select d_icd_procedures.short_title from d_icd_procedures where d_icd_procedures.icd9_code in ( select t1.icd9_code from ( select procedures_icd.icd9_code, dense_rank() over ( order by count(*) desc ) as c1 from procedures_icd where datetime(procedures_icd.charttime) <= datetime(current_time,'-2 year') group by procedures_icd.icd9_code ) as t1 where t1.c1 <= 4 )","select c.concept_name from (select po.procedure_concept_id as concept_id, count(*) as n from <SCHEMA>.procedure_occurrence po where 1=1 {time_filter_global1:po.procedure_date} group by po.procedure_concept_id order by n desc {n_rank_limit}) r join <SCHEMA>.concept c on c.concept_id = r.concept_id order by r.n desc",n_rank; time_filter_global1,n_rank: five | four | three; time_filter_global1: abs-year-since | abs-year-until | null | rel-year-last | rel-year-since | rel-year-this | rel-year-until,NONE,9,0,NO,low,,
ehrsql_133,count the number of patients who received a {procedure_name2} procedure [time_filter_within] after having received a {procedure_name1} procedure [time_filter_global1].,"with index_event as (select distinct po.person_id, po.procedure_date as index_date from <SCHEMA>.procedure_occurrence po where 1=1 {procedure_filter:procedure_name1:po.procedure_concept_id} {time_filter_global1:po.procedure_date}) select count(distinct po2.person_id) from index_event idx join <SCHEMA>.procedure_occurrence po2 on po2.person_id = idx.person_id join <SCHEMA>.concept c on c.concept_id = po2.procedure_concept_id where po2.procedure_date > idx.index_date {procedure_filter:procedure_name2:po2.procedure_concept_id} {time_filter_within:po2.procedure_date,idx.index_date}",How many patients received a pericardiocentesis procedure within the same month after undergoing an open liver biopsy procedure during this year?,"select count( distinct t1.subject_id ) from ( select admissions.subject_id, procedures_icd.charttime from procedures_icd join admissions on procedures_icd.hadm_id = admissions.hadm_id where procedures_icd.icd9_code = ( select d_icd_procedures.icd9_code from d_icd_procedures where d_icd_procedures.short_title = 'packed cell transfusion' ) and datetime(procedures_icd.charttime,'start of year') = datetime(current_time,'start of year','-1 year') ) as t1 join ( select admissions.subject_id, procedures_icd.charttime from procedures_icd join admissions on procedures_icd.hadm_id = admissions.hadm_id where procedures_icd.icd9_code = ( select d_icd_procedures.icd9_code from d_icd_procedures where d_icd_procedures.short_title = 'extracorporeal circulat' ) and datetime(procedures_icd.charttime,'start of year') = datetime(current_time,'start of year','-1 year') ) as t2 on t1.subject_id = t2.subject_id where t1.charttime < t2.charttime and datetime(t1.charttime,'start of month') = datetime(t2.charttime,'start of month')","with index_event as (select distinct po.person_id, po.procedure_date as index_date from <SCHEMA>.procedure_occurrence po where 1=1 {procedure_filter:procedure_name1:po.procedure_concept_id} {time_filter_global1:po.procedure_date}) select count(distinct po2.person_id) from index_event idx join <SCHEMA>.procedure_occurrence po2 on po2.person_id = idx.person_id join <SCHEMA>.concept c on c.concept_id = po2.procedure_concept_id where po2.procedure_date > idx.index_date {procedure_filter:procedure_name2:po2.procedure_concept_id} {time_filter_within:po2.procedure_date,idx.index_date}",time_filter_within; time_filter_global1,time_filter_global1: abs-year-in | abs-year-since | null | rel-year-last | rel-year-since | rel-year-this | rel-year-until; time_filter_within: within-hosp | within-month | within-n_month,procedure_name1; procedure_name2,8,18,YES,high,time_filter_within,"within subtype can switch between same-visit, same-month, and interval relations over two event queries"
ehrsql_149,what are_verb the top [n_rank] frequent procedures that patients received [time_filter_within] after having received a {procedure_name} procedure [time_filter_global1]?,"with index_event as (select distinct po.person_id, po.procedure_date as index_date from <SCHEMA>.procedure_occurrence po where 1=1 {procedure_filter:procedure_name:po.procedure_concept_id} {time_filter_global1:po.procedure_date}) select c.concept_name from (select po2.procedure_concept_id as concept_id, count(*) as n from index_event idx join <SCHEMA>.procedure_occurrence po2 on po2.person_id = idx.person_id where po2.procedure_date > idx.index_date {time_filter_within:po2.procedure_date,idx.index_date} group by po2.procedure_concept_id order by n desc {n_rank_limit}) r join <SCHEMA>.concept c on c.concept_id = r.concept_id order by r.n desc",What are the three most frequently performed procedures for patients who previously received a vena cav angiocardiogram within the past 2 months until 2104?,"select d_icd_procedures.short_title from d_icd_procedures where d_icd_procedures.icd9_code in ( select t3.icd9_code from ( select t2.icd9_code, dense_rank() over ( order by count(*) desc ) as c1 from ( select admissions.subject_id, procedures_icd.charttime from procedures_icd join admissions on procedures_icd.hadm_id = admissions.hadm_id where procedures_icd.icd9_code = ( select d_icd_procedures.icd9_code from d_icd_procedures where d_icd_procedures.short_title = 'inject/infus nesiritide' ) and datetime(procedures_icd.charttime) >= datetime(current_time,'-6 year') ) as t1 join ( select admissions.subject_id, procedures_icd.icd9_code, procedures_icd.charttime from procedures_icd join admissions on procedures_icd.hadm_id = admissions.hadm_id where datetime(procedures_icd.charttime) >= datetime(current_time,'-6 year') ) as t2 on t1.subject_id = t2.subject_id where t1.charttime < t2.charttime and datetime(t1.charttime,'start of month') = datetime(t2.charttime,'start of month') group by t2.icd9_code ) as t3 where t3.c1 <= 4 )","with index_event as (select distinct po.person_id, po.procedure_date as index_date from <SCHEMA>.procedure_occurrence po where 1=1 {procedure_filter:procedure_name:po.procedure_concept_id} {time_filter_global1:po.procedure_date}) select c.concept_name from (select po2.procedure_concept_id as concept_id, count(*) as n from index_event idx join <SCHEMA>.procedure_occurrence po2 on po2.person_id = idx.person_id where po2.procedure_date > idx.index_date {time_filter_within:po2.procedure_date,idx.index_date} group by po2.procedure_concept_id order by n desc {n_rank_limit}) r join <SCHEMA>.concept c on c.concept_id = r.concept_id order by r.n desc",n_rank; time_filter_within; time_filter_global1,n_rank: five | four | three; time_filter_global1: abs-year-since | abs-year-until | rel-year-last | rel-year-since | rel-year-this; time_filter_within: within-month | within-n_month,procedure_name,5,5,YES,high,time_filter_within,"within subtype can switch between same-visit, same-month, and interval relations over two event queries"
ehrsql_162,what are_verb the top [n_rank] frequent lab tests that patients had [time_filter_within] after having received a {procedure_name} procedure [time_filter_global1]?,"with index_event as (select distinct po.person_id, po.procedure_date as index_date from <SCHEMA>.procedure_occurrence po where 1=1 {procedure_filter:procedure_name:po.procedure_concept_id} {time_filter_global1:po.procedure_date}) select c.concept_name from (select m.measurement_concept_id as concept_id, count(*) as n from index_event idx join lateral (select m.measurement_concept_id from <SCHEMA>.measurement m where m.person_id = idx.person_id AND m.measurement_date > idx.index_date {time_filter_within:m.measurement_date,idx.index_date}) m on true group by m.measurement_concept_id order by n desc {n_rank_limit}) r join <SCHEMA>.concept c on c.concept_id = r.concept_id order by r.n desc","Since 4 years ago, what were the top four most frequent laboratory tests given to patients during the same hospital encounter after receiving a proc-vessel bifurcation?","select d_labitems.label from d_labitems where d_labitems.itemid in ( select t3.itemid from ( select t2.itemid, dense_rank() over ( order by count(*) desc ) as c1 from ( select admissions.subject_id, procedures_icd.charttime, admissions.hadm_id from procedures_icd join admissions on procedures_icd.hadm_id = admissions.hadm_id where procedures_icd.icd9_code = ( select d_icd_procedures.icd9_code from d_icd_procedures where d_icd_procedures.short_title = 'refus lmb/lmbsac pst/pst' ) and strftime('%y',procedures_icd.charttime) = '2100' ) as t1 join ( select admissions.subject_id, labevents.itemid, labevents.charttime, admissions.hadm_id from labevents join admissions on labevents.hadm_id = admissions.hadm_id where strftime('%y',labevents.charttime) = '2100' ) as t2 on t1.subject_id = t2.subject_id where t1.charttime < t2.charttime and t1.hadm_id = t2.hadm_id group by t2.itemid ) as t3 where t3.c1 <= 3 )","with index_event as (select distinct po.person_id, po.procedure_date as index_date from <SCHEMA>.procedure_occurrence po where 1=1 {procedure_filter:procedure_name:po.procedure_concept_id} {time_filter_global1:po.procedure_date}) select c.concept_name from (select m.measurement_concept_id as concept_id, count(*) as n from index_event idx join lateral (select m.measurement_concept_id from <SCHEMA>.measurement m where m.person_id = idx.person_id AND m.measurement_date > idx.index_date {time_filter_within:m.measurement_date,idx.index_date}) m on true group by m.measurement_concept_id order by n desc {n_rank_limit}) r join <SCHEMA>.concept c on c.concept_id = r.concept_id order by r.n desc",n_rank; time_filter_within; time_filter_global1,n_rank: five | four; time_filter_global1: abs-year-since | null | rel-year-since | rel-year-until; time_filter_within: within-hosp | within-month | within-n_month,procedure_name,5,5,YES,high,time_filter_within,"within subtype can switch between same-visit, same-month, and interval relations over two event queries"
ehrsql_165,what are_verb the top [n_rank] frequent specimens that patients were tested [time_filter_within] after having received a {procedure_name} procedure [time_filter_global1]?,"with index_event as (select distinct po.person_id, po.procedure_date as index_date from <SCHEMA>.procedure_occurrence po where 1=1 {procedure_filter:procedure_name:po.procedure_concept_id} {time_filter_global1:po.procedure_date}) select c.concept_name from (select s.specimen_concept_id as concept_id, count(*) as n from index_event idx join <SCHEMA>.specimen s on s.person_id = idx.person_id where s.specimen_date > idx.index_date {time_filter_within:s.specimen_date,idx.index_date} group by s.specimen_concept_id order by n desc {n_rank_limit}) r join <SCHEMA>.concept c on c.concept_id = r.concept_id order by r.n desc",What are the five most common microbiology tests that patients had during the same month after receiving a exc/dest hrt lesion open since 4 years ago?,"select t3.spec_type_desc from ( select t2.spec_type_desc, dense_rank() over ( order by count(*) desc ) as c1 from ( select admissions.subject_id, procedures_icd.charttime, admissions.hadm_id from procedures_icd join admissions on procedures_icd.hadm_id = admissions.hadm_id where procedures_icd.icd9_code = ( select d_icd_procedures.icd9_code from d_icd_procedures where d_icd_procedures.short_title = 'ins drug-elut coronry st' ) and datetime(procedures_icd.charttime,'start of year') = datetime(current_time,'start of year','-1 year') ) as t1 join ( select admissions.subject_id, microbiologyevents.spec_type_desc, microbiologyevents.charttime, admissions.hadm_id from microbiologyevents join admissions on microbiologyevents.hadm_id = admissions.hadm_id where datetime(microbiologyevents.charttime,'start of year') = datetime(current_time,'start of year','-1 year') ) as t2 on t1.subject_id = t2.subject_id where t1.charttime < t2.charttime and t1.hadm_id = t2.hadm_id group by t2.spec_type_desc ) as t3 where t3.c1 <= 4","with index_event as (select distinct po.person_id, po.procedure_date as index_date from <SCHEMA>.procedure_occurrence po where 1=1 {procedure_filter:procedure_name:po.procedure_concept_id} {time_filter_global1:po.procedure_date}) select c.concept_name from (select s.specimen_concept_id as concept_id, count(*) as n from index_event idx join <SCHEMA>.specimen s on s.person_id = idx.person_id where s.specimen_date > idx.index_date {time_filter_within:s.specimen_date,idx.index_date} group by s.specimen_concept_id order by n desc {n_rank_limit}) r join <SCHEMA>.concept c on c.concept_id = r.concept_id order by r.n desc",n_rank; time_filter_within; time_filter_global1,n_rank: five | four | three; time_filter_global1: abs-year-in | abs-year-since | rel-year-last | rel-year-since | rel-year-until; time_filter_within: within-month | within-n_month,procedure_name,5,5,YES,high,time_filter_within,"within subtype can switch between same-visit, same-month, and interval relations over two event queries"
ehrsql_002,what is the cost of a procedure named {procedure_name}?,select null::text as answer where false /* unsupported_cost_empty */,What is the cost for the procedure Oth Transureth Prostatec?,select distinct cost.cost from cost where cost.event_type = 'procedures_icd' and cost.event_id in ( select procedures_icd.row_id from procedures_icd where procedures_icd.icd9_code = ( select d_icd_procedures.icd9_code from d_icd_procedures where d_icd_procedures.short_title = 'pros repair atria def-cl' ) ),select null::text as answer where false /* unsupported_cost_empty */,NONE,NONE,procedure_name,1,9,YES,unsupported,cdm_support_policy,unsupported_cost_empty
ehrsql_117,what is_verb the [agg_function] total hospital cost that involves a procedure named {procedure_name} [time_filter_global1]?,select null::text as answer where false /* unsupported_cost_empty */,What is the minimum total cost of the hospital that includes the procedure named closed liver biopsy in 2104?,"select avg(t1.c1) from ( select sum(cost.cost) as c1 from cost where cost.hadm_id in ( select procedures_icd.hadm_id from procedures_icd where procedures_icd.icd9_code = ( select d_icd_procedures.icd9_code from d_icd_procedures where d_icd_procedures.short_title = 'int inser lead atri-vent' ) ) and strftime('%y',cost.chargetime) <= '2103' group by cost.hadm_id ) as t1",select null::text as answer where false /* unsupported_cost_empty */,agg_function; time_filter_global1,agg_function: average | maximum | minimum; time_filter_global1: abs-year-in | null | rel-year-last | rel-year-this,procedure_name,4,4,YES,unsupported,cdm_support_policy,unsupported_cost_empty
ehrsql_142,count the number of patients who had a {intake_name} intake [time_filter_global1].,select count(distinct m.person_id) from <SCHEMA>.measurement m where 1=1 {measurement_filter:intake_name:m.measurement_concept_id} {time_filter_global1:m.measurement_date},How many patients had an intake of E 24 FS PO in 2105?,"select count( distinct admissions.subject_id ) from admissions where admissions.hadm_id in ( select icustays.hadm_id from icustays where icustays.icustay_id in ( select inputevents_cv.icustay_id from inputevents_cv where inputevents_cv.itemid in ( select d_items.itemid from d_items where d_items.label = 'lipids' and d_items.linksto = 'inputevents_cv' ) and datetime(inputevents_cv.charttime,'start of year') = datetime(current_time,'start of year','-1 year') ) )",select count(distinct m.person_id) from <SCHEMA>.measurement m where 1=1 {measurement_filter:intake_name:m.measurement_concept_id} {time_filter_global1:m.measurement_date},time_filter_global1,time_filter_global1: abs-year-in | abs-year-since | abs-year-until | null | rel-year-this,intake_name,5,7,NO,low,,
ehrsql_140,count the number of patients who received a {lab_name} lab test [time_filter_global1].,select count(distinct m.person_id) from <SCHEMA>.measurement m where 1=1 {measurement_filter:lab_name:m.measurement_concept_id} {time_filter_global1:m.measurement_date},"How many patients had a chloride, whole blood test in 2105?","select count( distinct admissions.subject_id ) from admissions where admissions.hadm_id in ( select labevents.hadm_id from labevents where labevents.itemid in ( select d_labitems.itemid from d_labitems where d_labitems.label = 'neutrophils' ) and datetime(labevents.charttime) >= datetime(current_time,'-1 year') )",select count(distinct m.person_id) from <SCHEMA>.measurement m where 1=1 {measurement_filter:lab_name:m.measurement_concept_id} {time_filter_global1:m.measurement_date},time_filter_global1,time_filter_global1: abs-year-in | abs-year-since | null | rel-year-since | rel-year-this | rel-year-until,lab_name,6,7,NO,low,,
ehrsql_141,count the number of patients who received a {culture_name} microbiology test [time_filter_global1].,select count(distinct m.person_id) from <SCHEMA>.measurement m where 1=1 {measurement_filter:culture_name:m.measurement_concept_id} {time_filter_global1:m.measurement_date},What is the number of patients who received a catheter tip-IV microbiology test since 2102?,"select count( distinct admissions.subject_id ) from admissions where admissions.hadm_id in ( select microbiologyevents.hadm_id from microbiologyevents where microbiologyevents.spec_type_desc = 'influenza a/b by dfa' and strftime('%y',microbiologyevents.charttime) <= '2100' )",select count(distinct m.person_id) from <SCHEMA>.measurement m where 1=1 {measurement_filter:culture_name:m.measurement_concept_id} {time_filter_global1:m.measurement_date},time_filter_global1,time_filter_global1: abs-year-since | abs-year-until | null | rel-year-last | rel-year-since,culture_name,5,7,NO,low,,
ehrsql_089,has_verb patient {patient_id} received any lab test [time_filter_global1]?,select count(*) > 0 as answer from <SCHEMA>.measurement m join <SCHEMA>.person p on p.person_id = m.person_id where p.person_source_value = {patient_id} {time_filter_global1:m.measurement_date},Did patient 18866 ever have lab testing since 2105?,"select count(*)>0 from labevents where labevents.hadm_id in ( select admissions.hadm_id from admissions where admissions.subject_id = 10211 ) and datetime(labevents.charttime,'start of year') = datetime(current_time,'start of year','-1 year')",select count(*) > 0 as answer from <SCHEMA>.measurement m join <SCHEMA>.person p on p.person_id = m.person_id where p.person_source_value = {patient_id} {time_filter_global1:m.measurement_date},time_filter_global1,time_filter_global1: abs-month-until | abs-year-since | mix-month-this_year | null | rel-month-last | rel-month-since | rel-month-until,patient_id,7,8,NO,low,,
ehrsql_091,has_verb patient {patient_id} had any microbiology test result [time_filter_global1]?,select count(*) > 0 as answer from <SCHEMA>.measurement m join <SCHEMA>.person p on p.person_id = m.person_id where p.person_source_value = {patient_id} {measurement_filter:culture_name:m.measurement_concept_id} {time_filter_global1:m.measurement_date},Has there been any microbiology test result for patient 76637 until 02/2102?,"select count(*)>0 from microbiologyevents where microbiologyevents.hadm_id in ( select admissions.hadm_id from admissions where admissions.subject_id = 73713 ) and datetime(microbiologyevents.charttime,'start of year') = datetime(current_time,'start of year','-0 year') and strftime('%m',microbiologyevents.charttime) = '10'",select count(*) > 0 as answer from <SCHEMA>.measurement m join <SCHEMA>.person p on p.person_id = m.person_id where p.person_source_value = {patient_id} {measurement_filter:culture_name:m.measurement_concept_id} {time_filter_global1:m.measurement_date},time_filter_global1,time_filter_global1: abs-month-in | abs-month-since | abs-month-until | abs-year-until | null | rel-hosp-first | rel-hosp-last | rel-month-until,patient_id,8,8,NO,low,,
ehrsql_052,what was the total volume of output that patient {patient_id} had [time_filter_global1]?,select sum(m.value_as_number) as answer from <SCHEMA>.measurement m join <SCHEMA>.person p on p.person_id = m.person_id where p.person_source_value = {patient_id} {measurement_filter:output_name:m.measurement_concept_id} {time_filter_global1:m.measurement_date},Calculate the total quantity of output for patient 21110 on the 8th of last month.,"select sum(outputevents.value) from outputevents where outputevents.icustay_id in ( select icustays.icustay_id from icustays where icustays.hadm_id in ( select admissions.hadm_id from admissions where admissions.subject_id = 14671 ) ) and datetime(outputevents.charttime,'start of month') = datetime(current_time,'start of month','-0 month') and strftime('%d',outputevents.charttime) = '31'",select sum(m.value_as_number) as answer from <SCHEMA>.measurement m join <SCHEMA>.person p on p.person_id = m.person_id where p.person_source_value = {patient_id} {measurement_filter:output_name:m.measurement_concept_id} {time_filter_global1:m.measurement_date},time_filter_global1,time_filter_global1: mix-day-last_month | mix-day-last_year | mix-day-this_month | rel-day-until,patient_id,4,5,NO,low,,
ehrsql_049,what was the total volume of intake that patient {patient_id} received [time_filter_global1]?,select sum(m.value_as_number) as answer from <SCHEMA>.measurement m join <SCHEMA>.person p on p.person_id = m.person_id where p.person_source_value = {patient_id} {measurement_filter:intake_name:m.measurement_concept_id} {time_filter_global1:m.measurement_date},What is the total amount of inputs today for patient 28443?,"select sum(inputevents_cv.amount) from inputevents_cv where inputevents_cv.icustay_id in ( select icustays.icustay_id from icustays where icustays.hadm_id in ( select admissions.hadm_id from admissions where admissions.subject_id = 25869 ) ) and strftime('%y-%m-%d',inputevents_cv.charttime) >= '2101-01-03'",select sum(m.value_as_number) as answer from <SCHEMA>.measurement m join <SCHEMA>.person p on p.person_id = m.person_id where p.person_source_value = {patient_id} {measurement_filter:intake_name:m.measurement_concept_id} {time_filter_global1:m.measurement_date},time_filter_global1,time_filter_global1: abs-day-in | mix-day-last_month | rel-day-this | rel-icu-cur,patient_id,4,5,NO,low,,
ehrsql_053,what is the difference between the total volume of intake and output of patient {patient_id} [time_filter_global1]?,"with intake as (select sum(m_in.value_as_number) as total_in from <SCHEMA>.measurement m_in join <SCHEMA>.person p on p.person_id = m_in.person_id where p.person_source_value = {patient_id} {measurement_filter:intake_name:m_in.measurement_concept_id} {time_filter_global1:m_in.measurement_date}), output as (select sum(m_out.value_as_number) as total_out from <SCHEMA>.measurement m_out join <SCHEMA>.person p on p.person_id = m_out.person_id where p.person_source_value = {patient_id} {measurement_filter:output_name:m_out.measurement_concept_id} {time_filter_global1:m_out.measurement_date}) select coalesce(intake.total_in,0) - coalesce(output.total_out,0) as answer from intake cross join output",Calculate the difference between the total amount of input and the total output for patient 2518 since 11/19/2104.,"select ( select sum(inputevents_cv.amount) from inputevents_cv where inputevents_cv.icustay_id in ( select icustays.icustay_id from icustays where icustays.hadm_id in ( select admissions.hadm_id from admissions where admissions.subject_id = 4401 ) ) and datetime(inputevents_cv.charttime,'start of month') = datetime(current_time,'start of month','-0 month') and strftime('%d',inputevents_cv.charttime) = '30' ) - ( select sum(outputevents.value) from outputevents where outputevents.icustay_id in ( select icustays.icustay_id from icustays where icustays.hadm_id in ( select admissions.hadm_id from admissions where admissions.subject_id = 4401 ) ) and datetime(outputevents.charttime,'start of month') = datetime(current_time,'start of month','-0 month') and strftime('%d',outputevents.charttime) = '30' )","with intake as (select sum(m_in.value_as_number) as total_in from <SCHEMA>.measurement m_in join <SCHEMA>.person p on p.person_id = m_in.person_id where p.person_source_value = {patient_id} {measurement_filter:intake_name:m_in.measurement_concept_id} {time_filter_global1:m_in.measurement_date}), output as (select sum(m_out.value_as_number) as total_out from <SCHEMA>.measurement m_out join <SCHEMA>.person p on p.person_id = m_out.person_id where p.person_source_value = {patient_id} {measurement_filter:output_name:m_out.measurement_concept_id} {time_filter_global1:m_out.measurement_date}) select coalesce(intake.total_in,0) - coalesce(output.total_out,0) as answer from intake cross join output",time_filter_global1,time_filter_global1: abs-day-since | abs-day-until | mix-day-this_year | null,patient_id,4,5,NO,low,,
ehrsql_094,has_verb patient {patient_id} had any {intake_name} intake [time_filter_global1]?,select count(*) > 0 as answer from <SCHEMA>.measurement m join <SCHEMA>.person p on p.person_id = m.person_id where p.person_source_value = {patient_id} {measurement_filter:intake_name:m.measurement_concept_id} {time_filter_global1:m.measurement_date},Has patient 27463 had any TPN D10.0 intake in August of this year?,"select count(*)>0 from inputevents_cv where inputevents_cv.icustay_id in ( select icustays.icustay_id from icustays where icustays.hadm_id in ( select admissions.hadm_id from admissions where admissions.subject_id = 5310 ) ) and inputevents_cv.itemid in ( select d_items.itemid from d_items where d_items.label = 'd10w' and d_items.linksto = 'inputevents_cv' ) and datetime(inputevents_cv.charttime,'start of month') = datetime(current_time,'start of month','-1 month')",select count(*) > 0 as answer from <SCHEMA>.measurement m join <SCHEMA>.person p on p.person_id = m.person_id where p.person_source_value = {patient_id} {measurement_filter:intake_name:m.measurement_concept_id} {time_filter_global1:m.measurement_date},time_filter_global1,time_filter_global1: abs-day-until | abs-month-in | mix-month-this_year | rel-day-since | rel-month-this,intake_name; patient_id,5,12,NO,low,,
ehrsql_095,has_verb patient {patient_id} had any {output_name} output [time_filter_global1]?,select count(*) > 0 as answer from <SCHEMA>.measurement m join <SCHEMA>.person p on p.person_id = m.person_id where p.person_source_value = {patient_id} {measurement_filter:output_name:m.measurement_concept_id} {time_filter_global1:m.measurement_date},"Until 62 months ago, did patient 10431 have any GU irrigant/urine volume output?","select count(*)>0 from outputevents where outputevents.icustay_id in ( select icustays.icustay_id from icustays where icustays.hadm_id in ( select admissions.hadm_id from admissions where admissions.subject_id = 95986 ) ) and outputevents.itemid in ( select d_items.itemid from d_items where d_items.label = 'pacu urine' and d_items.linksto = 'outputevents' ) and datetime(outputevents.charttime) >= datetime(current_time,'-1511 day')",select count(*) > 0 as answer from <SCHEMA>.measurement m join <SCHEMA>.person p on p.person_id = m.person_id where p.person_source_value = {patient_id} {measurement_filter:output_name:m.measurement_concept_id} {time_filter_global1:m.measurement_date},time_filter_global1,time_filter_global1: abs-month-in | mix-month-this_year | rel-icu-first | rel-month-since | rel-month-until,output_name; patient_id,5,12,NO,low,,
ehrsql_090,has_verb patient {patient_id} received a {lab_name} lab test [time_filter_global1]?,select count(*) > 0 as answer from <SCHEMA>.measurement m join <SCHEMA>.person p on p.person_id = m.person_id where p.person_source_value = {patient_id} {measurement_filter:lab_name:m.measurement_concept_id} {time_filter_global1:m.measurement_date},Did patient 65582 receive a transferrin test in 12/2105?,select count(*)>0 from labevents where labevents.itemid in ( select d_labitems.itemid from d_labitems where d_labitems.label = 'base excess' ) and labevents.hadm_id in ( select admissions.hadm_id from admissions where admissions.subject_id = 12568 ),select count(*) > 0 as answer from <SCHEMA>.measurement m join <SCHEMA>.person p on p.person_id = m.person_id where p.person_source_value = {patient_id} {measurement_filter:lab_name:m.measurement_concept_id} {time_filter_global1:m.measurement_date},time_filter_global1,time_filter_global1: abs-month-in | abs-year-since | mix-month-last_year | mix-month-this_year | rel-month-this | rel-year-this,lab_name; patient_id,6,14,NO,low,,
ehrsql_097,has_verb the {vital_name} of patient {patient_id} been normal [time_filter_global1]?,select count(*) > 0 as answer from <SCHEMA>.measurement m join <SCHEMA>.person p on p.person_id = m.person_id where p.person_source_value = {patient_id} {measurement_filter:vital_name:m.measurement_concept_id} and m.value_as_number is not null and m.range_low is not null and m.range_high is not null and m.value_as_number between m.range_low and m.range_high {time_filter_global1:m.measurement_date},Had patient 30733's arterial BP mean been normal since 135 months ago?,"select count(*)>0 from chartevents where chartevents.icustay_id in ( select icustays.icustay_id from icustays where icustays.hadm_id in ( select admissions.hadm_id from admissions where admissions.subject_id = 27836 ) ) and chartevents.itemid in ( select d_items.itemid from d_items where d_items.label = 'heart rate' and d_items.linksto = 'chartevents' ) and chartevents.valuenum between heart_rate_lower and heart_rate_upper and strftime('%y-%m-%d',chartevents.charttime) >= '2102-07-16'",select count(*) > 0 as answer from <SCHEMA>.measurement m join <SCHEMA>.person p on p.person_id = m.person_id where p.person_source_value = {patient_id} {measurement_filter:vital_name:m.measurement_concept_id} and m.value_as_number is not null and m.range_low is not null and m.range_high is not null and m.value_as_number between m.range_low and m.range_high {time_filter_global1:m.measurement_date},time_filter_global1,time_filter_global1: mix-day-last_year | rel-day-since | rel-month-since | rel-month-until,patient_id; vital_name,4,8,NO,low,,normality uses measurement range_low/range_high only
ehrsql_092,has_verb patient {patient_id} had any {culture_name} microbiology test result [time_filter_global1]?,select count(*) > 0 as answer from <SCHEMA>.measurement m join <SCHEMA>.person p on p.person_id = m.person_id where p.person_source_value = {patient_id} {measurement_filter:culture_name:m.measurement_concept_id} {time_filter_global1:m.measurement_date},Was there any microbiology test conducted in February of last year for the immunology of patient 23550?,select count(*)>0 from microbiologyevents where microbiologyevents.hadm_id in ( select admissions.hadm_id from admissions where admissions.subject_id = 20165 and admissions.dischtime is not null order by admissions.admittime desc limit 1 ) and microbiologyevents.spec_type_desc = 'tissue',select count(*) > 0 as answer from <SCHEMA>.measurement m join <SCHEMA>.person p on p.person_id = m.person_id where p.person_source_value = {patient_id} {measurement_filter:culture_name:m.measurement_concept_id} {time_filter_global1:m.measurement_date},time_filter_global1,time_filter_global1: abs-month-in | abs-month-since | abs-month-until | abs-year-in | abs-year-since | abs-year-until | mix-month-last_year | rel-month-since | rel-month-until | rel-year-this | rel-year-until,culture_name; patient_id,11,25,NO,low,,
ehrsql_110,count the number of times that patient {patient_id} had a {intake_name} intake [time_filter_global1].,select count(*) from <SCHEMA>.measurement m join <SCHEMA>.person p on p.person_id = m.person_id where p.person_source_value = {patient_id} {measurement_filter:intake_name:m.measurement_concept_id} {time_filter_global1:m.measurement_date},How many times has patient 9566 taken D5RL since 1885 days ago?,"select count(*) from inputevents_cv where inputevents_cv.icustay_id in ( select icustays.icustay_id from icustays where icustays.hadm_id in ( select admissions.hadm_id from admissions where admissions.subject_id = 11095 ) ) and inputevents_cv.itemid in ( select d_items.itemid from d_items where d_items.label = 'free water bolus' and d_items.linksto = 'inputevents_cv' ) and strftime('%y-%m-%d',inputevents_cv.charttime) = '2105-05-06'",select count(*) from <SCHEMA>.measurement m join <SCHEMA>.person p on p.person_id = m.person_id where p.person_source_value = {patient_id} {measurement_filter:intake_name:m.measurement_concept_id} {time_filter_global1:m.measurement_date},time_filter_global1,time_filter_global1: rel-day-last | rel-day-since | rel-hosp-cur | rel-icu-first | rel-icu-last | rel-month-until,intake_name; patient_id,6,14,NO,low,,
ehrsql_111,count the number of times that patient {patient_id} had a {output_name} output [time_filter_global1].,select count(*) from <SCHEMA>.measurement m join <SCHEMA>.person p on p.person_id = m.person_id where p.person_source_value = {patient_id} {measurement_filter:output_name:m.measurement_concept_id} {time_filter_global1:m.measurement_date},Count the number of times that patient 77053 has had or urine output in 04/2105.,"select count(*) from outputevents where outputevents.icustay_id in ( select icustays.icustay_id from icustays where icustays.hadm_id in ( select admissions.hadm_id from admissions where admissions.subject_id = 13806 ) ) and outputevents.itemid in ( select d_items.itemid from d_items where d_items.label = 'left arm drainage' and d_items.linksto = 'outputevents' ) and datetime(outputevents.charttime) >= datetime(current_time,'-152 month')",select count(*) from <SCHEMA>.measurement m join <SCHEMA>.person p on p.person_id = m.person_id where p.person_source_value = {patient_id} {measurement_filter:output_name:m.measurement_concept_id} {time_filter_global1:m.measurement_date},time_filter_global1,time_filter_global1: abs-month-in | abs-month-since | abs-month-until | mix-month-this_year | null | rel-month-until,output_name; patient_id,6,12,NO,low,,
ehrsql_051,what was the total volume of {output_name} output that patient {patient_id} had [time_filter_global1]?,select sum(m.value_as_number) as answer from <SCHEMA>.measurement m join <SCHEMA>.person p on p.person_id = m.person_id where p.person_source_value = {patient_id} {measurement_filter:output_name:m.measurement_concept_id} {time_filter_global1:m.measurement_date},What is the total volume of urine out lt nephrostomy patient 10855 had on the current ICU visit?,"select sum(outputevents.value) from outputevents where outputevents.icustay_id in ( select icustays.icustay_id from icustays where icustays.hadm_id in ( select admissions.hadm_id from admissions where admissions.subject_id = 12927 ) ) and outputevents.itemid in ( select d_items.itemid from d_items where d_items.label = 'gastric jejunostomy tube' and d_items.linksto = 'outputevents' ) and datetime(outputevents.charttime,'start of month') = datetime(current_time,'start of month','-0 month') and strftime('%d',outputevents.charttime) = '27'",select sum(m.value_as_number) as answer from <SCHEMA>.measurement m join <SCHEMA>.person p on p.person_id = m.person_id where p.person_source_value = {patient_id} {measurement_filter:output_name:m.measurement_concept_id} {time_filter_global1:m.measurement_date},time_filter_global1,time_filter_global1: abs-day-since | mix-day-last_month | mix-day-this_month | mix-day-this_year | null | rel-day-last | rel-day-since | rel-day-this | rel-icu-cur | rel-icu-first | rel-icu-last,output_name; patient_id,11,26,NO,low,,
ehrsql_109,count the number of times that patient {patient_id} received a {lab_name} lab test [time_filter_global1].,select count(*) from <SCHEMA>.measurement m join <SCHEMA>.person p on p.person_id = m.person_id where p.person_source_value = {patient_id} {measurement_filter:lab_name:m.measurement_concept_id} {time_filter_global1:m.measurement_date},Count the number of times patient 96404 has received sodium lab tests in September of last year.,"select count(*) from labevents where labevents.itemid in ( select d_labitems.itemid from d_labitems where d_labitems.label = 'bilirubin, total' ) and labevents.hadm_id in ( select admissions.hadm_id from admissions where admissions.subject_id = 3403 ) and datetime(labevents.charttime) <= datetime(current_time,'-2 year')",select count(*) from <SCHEMA>.measurement m join <SCHEMA>.person p on p.person_id = m.person_id where p.person_source_value = {patient_id} {measurement_filter:lab_name:m.measurement_concept_id} {time_filter_global1:m.measurement_date},time_filter_global1,time_filter_global1: mix-month-last_year | rel-year-since | rel-year-this,lab_name; patient_id,3,8,NO,low,,
ehrsql_048,what was the total volume of {intake_name} intake that patient {patient_id} received [time_filter_global1]?,select sum(m.value_as_number) as answer from <SCHEMA>.measurement m join <SCHEMA>.person p on p.person_id = m.person_id where p.person_source_value = {patient_id} {measurement_filter:intake_name:m.measurement_concept_id} {time_filter_global1:m.measurement_date},What was the total amount of D5W that patient 14621 received on June 22 of this year?,"select sum(inputevents_cv.amount) from inputevents_cv where inputevents_cv.icustay_id in ( select icustays.icustay_id from icustays where icustays.hadm_id in ( select admissions.hadm_id from admissions where admissions.subject_id = 27703 ) ) and inputevents_cv.itemid in ( select d_items.itemid from d_items where d_items.label = 'lactated ringers' and d_items.linksto = 'inputevents_cv' ) and strftime('%y-%m-%d',inputevents_cv.charttime) = '2105-11-08'",select sum(m.value_as_number) as answer from <SCHEMA>.measurement m join <SCHEMA>.person p on p.person_id = m.person_id where p.person_source_value = {patient_id} {measurement_filter:intake_name:m.measurement_concept_id} {time_filter_global1:m.measurement_date},time_filter_global1,time_filter_global1: abs-day-since | abs-day-until | mix-day-last_month | mix-day-this_month | mix-day-this_year | rel-day-last | rel-day-since | rel-day-until | rel-icu-first | rel-icu-last,intake_name; patient_id,10,26,NO,low,,
ehrsql_068,when was the [time_filter_exact1] lab test of patient {patient_id} [time_filter_global1]?,select m.measurement_datetime as answer from <SCHEMA>.measurement m join <SCHEMA>.person p on p.person_id = m.person_id where p.person_source_value = {patient_id} {time_filter_global1:m.measurement_date} {time_filter_exact1:m.measurement_datetime},When did patient 2482 receive the last laboratory test until 03/2102?,"select labevents.charttime from labevents where labevents.hadm_id in ( select admissions.hadm_id from admissions where admissions.subject_id = 5142 ) and datetime(labevents.charttime,'start of month') = datetime(current_time,'start of month','-1 month') order by labevents.charttime asc limit 1",select m.measurement_datetime as answer from <SCHEMA>.measurement m join <SCHEMA>.person p on p.person_id = m.person_id where p.person_source_value = {patient_id} {time_filter_global1:m.measurement_date} {time_filter_exact1:m.measurement_datetime},time_filter_exact1; time_filter_global1,time_filter_exact1: exact-first | exact-last; time_filter_global1: abs-month-since | abs-month-until | mix-month-last_year | rel-hosp-first | rel-month-last | rel-month-since | rel-month-this,patient_id,7,8,NO,low,,
ehrsql_074,when was the [time_filter_exact1] intake time of patient {patient_id} [time_filter_global1]?,select m.measurement_datetime as answer from <SCHEMA>.measurement m join <SCHEMA>.person p on p.person_id = m.person_id where p.person_source_value = {patient_id} {measurement_filter:intake_name:m.measurement_concept_id} {time_filter_global1:m.measurement_date} {time_filter_exact1:m.measurement_datetime},"On the first ICU visit, when was the first intake time for patient 24364?","select inputevents_cv.charttime from inputevents_cv where inputevents_cv.icustay_id in ( select icustays.icustay_id from icustays where icustays.hadm_id in ( select admissions.hadm_id from admissions where admissions.subject_id = 3277 ) ) and datetime(inputevents_cv.charttime,'start of year') = datetime(current_time,'start of year','-0 year') and strftime('%m-%d',inputevents_cv.charttime) = '07-30' order by inputevents_cv.charttime desc limit 1",select m.measurement_datetime as answer from <SCHEMA>.measurement m join <SCHEMA>.person p on p.person_id = m.person_id where p.person_source_value = {patient_id} {measurement_filter:intake_name:m.measurement_concept_id} {time_filter_global1:m.measurement_date} {time_filter_exact1:m.measurement_datetime},time_filter_exact1; time_filter_global1,time_filter_exact1: exact-first | exact-last; time_filter_global1: abs-day-since | abs-day-until | mix-day-this_year | rel-day-last | rel-day-since | rel-icu-cur | rel-icu-first,patient_id,8,9,NO,low,,
ehrsql_030,what was the [time_filter_exact1] measured height of patient {patient_id} [time_filter_global1]?,select m.value_as_number as answer from <SCHEMA>.measurement m join <SCHEMA>.person p on p.person_id = m.person_id where p.person_source_value = {patient_id} {measurement_filter:height:m.measurement_concept_id} {time_filter_global1:m.measurement_date} {time_filter_exact1:m.measurement_datetime},What is the most recent height recorded for patient 8888?,"select chartevents.valuenum from chartevents where chartevents.icustay_id in ( select icustays.icustay_id from icustays where icustays.hadm_id in ( select admissions.hadm_id from admissions where admissions.subject_id = 5142 ) ) and chartevents.itemid in ( select d_items.itemid from d_items where d_items.label = 'admit ht' and d_items.linksto = 'chartevents' ) and datetime(chartevents.charttime,'start of month') = datetime(current_time,'start of month','-1 month') and chartevents.charttime = ( select distinct chartevents.charttime from chartevents where chartevents.icustay_id in ( select icustays.icustay_id from icustays where icustays.hadm_id in ( select admissions.hadm_id from admissions where admissions.subject_id = 5142 ) ) and chartevents.itemid in ( select d_items.itemid from d_items where d_items.label = 'admit ht' and d_items.linksto = 'chartevents' ) and datetime(chartevents.charttime,'start of month') = datetime(current_time,'start of month','-1 month') order by chartevents.charttime asc limit 1 )",select m.value_as_number as answer from <SCHEMA>.measurement m join <SCHEMA>.person p on p.person_id = m.person_id where p.person_source_value = {patient_id} {measurement_filter:height:m.measurement_concept_id} {time_filter_global1:m.measurement_date} {time_filter_exact1:m.measurement_datetime},time_filter_exact1; time_filter_global1,time_filter_exact1: exact-first | exact-last; time_filter_global1: abs-month-until | mix-month-last_year | null | rel-hosp-cur | rel-hosp-last | rel-month-last,patient_id,6,6,NO,low,,
ehrsql_031,what was the [time_filter_exact1] measured weight of patient {patient_id} [time_filter_global1]?,select m.value_as_number as answer from <SCHEMA>.measurement m join <SCHEMA>.person p on p.person_id = m.person_id where p.person_source_value = {patient_id} {measurement_filter:weight:m.measurement_concept_id} {time_filter_global1:m.measurement_date} {time_filter_exact1:m.measurement_datetime},What was the first weight recorded for patient 4092 in June of last year?,"select chartevents.valuenum from chartevents where chartevents.icustay_id in ( select icustays.icustay_id from icustays where icustays.hadm_id in ( select admissions.hadm_id from admissions where admissions.subject_id = 28447 ) ) and chartevents.itemid in ( select d_items.itemid from d_items where d_items.label = 'admit wt' and d_items.linksto = 'chartevents' ) and datetime(chartevents.charttime,'start of month') = datetime(current_time,'start of month','-0 month') and chartevents.charttime = ( select distinct chartevents.charttime from chartevents where chartevents.icustay_id in ( select icustays.icustay_id from icustays where icustays.hadm_id in ( select admissions.hadm_id from admissions where admissions.subject_id = 28447 ) ) and chartevents.itemid in ( select d_items.itemid from d_items where d_items.label = 'admit wt' and d_items.linksto = 'chartevents' ) and datetime(chartevents.charttime,'start of month') = datetime(current_time,'start of month','-0 month') order by chartevents.charttime desc limit 1 )",select m.value_as_number as answer from <SCHEMA>.measurement m join <SCHEMA>.person p on p.person_id = m.person_id where p.person_source_value = {patient_id} {measurement_filter:weight:m.measurement_concept_id} {time_filter_global1:m.measurement_date} {time_filter_exact1:m.measurement_datetime},time_filter_exact1; time_filter_global1,time_filter_exact1: exact-first | exact-last; time_filter_global1: abs-month-since | mix-month-last_year | rel-hosp-first | rel-hosp-last | rel-month-since | rel-month-until,patient_id,6,6,NO,low,,
ehrsql_071,when was the [time_filter_exact1] microbiology test of patient {patient_id} [time_filter_global1]?,select m.measurement_datetime as answer from <SCHEMA>.measurement m join <SCHEMA>.person p on p.person_id = m.person_id where p.person_source_value = {patient_id} {measurement_filter:culture_name:m.measurement_concept_id} {time_filter_global1:m.measurement_date} {time_filter_exact1:m.measurement_datetime},When was the first microbiology test administered to patient 54825 in December of last year?,"select microbiologyevents.charttime from microbiologyevents where microbiologyevents.hadm_id in ( select admissions.hadm_id from admissions where admissions.subject_id = 26175 ) and datetime(microbiologyevents.charttime,'start of year') = datetime(current_time,'start of year','-0 year') and strftime('%m',microbiologyevents.charttime) = '04' order by microbiologyevents.charttime desc limit 1",select m.measurement_datetime as answer from <SCHEMA>.measurement m join <SCHEMA>.person p on p.person_id = m.person_id where p.person_source_value = {patient_id} {measurement_filter:culture_name:m.measurement_concept_id} {time_filter_global1:m.measurement_date} {time_filter_exact1:m.measurement_datetime},time_filter_exact1; time_filter_global1,time_filter_exact1: exact-first | exact-last; time_filter_global1: abs-month-in | abs-month-since | abs-month-until | mix-month-last_year | mix-month-this_year | null | rel-hosp-first | rel-month-since | rel-month-this | rel-month-until,patient_id,10,10,NO,low,,
ehrsql_047,what was the name of the intake that patient {patient_id} [time_filter_exact1] had [time_filter_global1]?,select c.concept_name as answer from <SCHEMA>.measurement m join <SCHEMA>.concept c on c.concept_id = m.measurement_concept_id join <SCHEMA>.person p on p.person_id = m.person_id where p.person_source_value = {patient_id} {measurement_filter:intake_name:m.measurement_concept_id} {time_filter_global1:m.measurement_date} {time_filter_exact1:m.measurement_datetime},"What was Patient 5828's last intake, since December 25, 2104?",select d_items.label from d_items where d_items.itemid in ( select inputevents_cv.itemid from inputevents_cv where inputevents_cv.icustay_id in ( select icustays.icustay_id from icustays where icustays.hadm_id in ( select admissions.hadm_id from admissions where admissions.subject_id = 15821 ) and icustays.outtime is not null order by icustays.intime desc limit 1 ) order by inputevents_cv.charttime desc limit 1 ),select c.concept_name as answer from <SCHEMA>.measurement m join <SCHEMA>.concept c on c.concept_id = m.measurement_concept_id join <SCHEMA>.person p on p.person_id = m.person_id where p.person_source_value = {patient_id} {measurement_filter:intake_name:m.measurement_concept_id} {time_filter_global1:m.measurement_date} {time_filter_exact1:m.measurement_datetime},time_filter_exact1; time_filter_global1,time_filter_exact1: exact-first | exact-last; time_filter_global1: abs-day-since | mix-day-this_year | rel-day-since | rel-icu-cur | rel-icu-first | rel-icu-last,patient_id,7,9,NO,low,,
ehrsql_050,what was the name of the output that patient {patient_id} [time_filter_exact1] had [time_filter_global1]?,select c.concept_name as answer from <SCHEMA>.measurement m join <SCHEMA>.concept c on c.concept_id = m.measurement_concept_id join <SCHEMA>.person p on p.person_id = m.person_id where p.person_source_value = {patient_id} {measurement_filter:output_name:m.measurement_concept_id} {time_filter_global1:m.measurement_date} {time_filter_exact1:m.measurement_datetime},What was the name of the output that patient 19412 first had on the 28th of this month?,select d_items.label from d_items where d_items.itemid in ( select outputevents.itemid from outputevents where outputevents.icustay_id in ( select icustays.icustay_id from icustays where icustays.hadm_id in ( select admissions.hadm_id from admissions where admissions.subject_id = 99883 ) and icustays.outtime is null ) order by outputevents.charttime asc limit 1 ),select c.concept_name as answer from <SCHEMA>.measurement m join <SCHEMA>.concept c on c.concept_id = m.measurement_concept_id join <SCHEMA>.person p on p.person_id = m.person_id where p.person_source_value = {patient_id} {measurement_filter:output_name:m.measurement_concept_id} {time_filter_global1:m.measurement_date} {time_filter_exact1:m.measurement_datetime},time_filter_exact1; time_filter_global1,time_filter_exact1: exact-first | exact-last; time_filter_global1: abs-day-in | mix-day-this_month | rel-day-last | rel-day-since | rel-day-this,patient_id,6,6,NO,low,,
ehrsql_043,what was the name of the lab test that patient {patient_id} [time_filter_exact1] received [time_filter_global1]?,select c.concept_name as answer from <SCHEMA>.measurement m join <SCHEMA>.concept c on c.concept_id = m.measurement_concept_id join <SCHEMA>.person p on p.person_id = m.person_id where p.person_source_value = {patient_id} {measurement_filter:lab_name:m.measurement_concept_id} {time_filter_global1:m.measurement_date} {time_filter_exact1:m.measurement_datetime},What is the name of the first test that patient 1918 received during their last hospital encounter?,"select d_labitems.label from d_labitems where d_labitems.itemid in ( select labevents.itemid from labevents where labevents.hadm_id in ( select admissions.hadm_id from admissions where admissions.subject_id = 80671 ) and datetime(labevents.charttime) >= datetime(current_time,'-54 month') order by labevents.charttime asc limit 1 )",select c.concept_name as answer from <SCHEMA>.measurement m join <SCHEMA>.concept c on c.concept_id = m.measurement_concept_id join <SCHEMA>.person p on p.person_id = m.person_id where p.person_source_value = {patient_id} {measurement_filter:lab_name:m.measurement_concept_id} {time_filter_global1:m.measurement_date} {time_filter_exact1:m.measurement_datetime},time_filter_exact1; time_filter_global1,time_filter_exact1: exact-first | exact-last; time_filter_global1: mix-month-last_year | mix-month-this_year | rel-hosp-cur | rel-hosp-first | rel-hosp-last,patient_id,8,9,NO,low,,
ehrsql_046,what was the name of the specimen that patient {patient_id} was [time_filter_exact1] tested [time_filter_global1]?,select c.concept_name as answer from <SCHEMA>.specimen s join <SCHEMA>.concept c on c.concept_id = s.specimen_concept_id join <SCHEMA>.person p on p.person_id = s.person_id where p.person_source_value = {patient_id} {time_filter_global1:s.specimen_date} {time_filter_exact1:s.specimen_datetime},Can you tell me the name of the specimen test that patient 28048 first received during their initial hospital visit?,select microbiologyevents.spec_type_desc from microbiologyevents where microbiologyevents.hadm_id in ( select admissions.hadm_id from admissions where admissions.subject_id = 28443 and admissions.dischtime is null ) order by microbiologyevents.charttime desc limit 1,select c.concept_name as answer from <SCHEMA>.specimen s join <SCHEMA>.concept c on c.concept_id = s.specimen_concept_id join <SCHEMA>.person p on p.person_id = s.person_id where p.person_source_value = {patient_id} {time_filter_global1:s.specimen_date} {time_filter_exact1:s.specimen_datetime},time_filter_exact1; time_filter_global1,time_filter_exact1: exact-first | exact-last; time_filter_global1: abs-month-in | abs-month-since | abs-month-until | mix-month-this_year | rel-hosp-first,patient_id,5,5,NO,low,,
ehrsql_054,what was the [time_filter_exact1] measured {vital_name} of patient {patient_id} [time_filter_global1]?,select m.value_as_number as answer from <SCHEMA>.measurement m join <SCHEMA>.person p on p.person_id = m.person_id where p.person_source_value = {patient_id} {measurement_filter:vital_name:m.measurement_concept_id} {time_filter_global1:m.measurement_date} {time_filter_exact1:m.measurement_datetime},What was the first recorded value of the arterial bp [systolic] for patient 23042 on the last ICU visit?,"select chartevents.valuenum from chartevents where chartevents.icustay_id in ( select icustays.icustay_id from icustays where icustays.hadm_id in ( select admissions.hadm_id from admissions where admissions.subject_id = 1462 ) ) and chartevents.itemid in ( select d_items.itemid from d_items where d_items.label = 'arterial bp mean' and d_items.linksto = 'chartevents' ) and datetime(chartevents.charttime) >= datetime(current_time,'-1247 day') and chartevents.charttime = ( select distinct chartevents.charttime from chartevents where chartevents.icustay_id in ( select icustays.icustay_id from icustays where icustays.hadm_id in ( select admissions.hadm_id from admissions where admissions.subject_id = 1462 ) ) and chartevents.itemid in ( select d_items.itemid from d_items where d_items.label = 'arterial bp mean' and d_items.linksto = 'chartevents' ) and datetime(chartevents.charttime) >= datetime(current_time,'-1247 day') order by chartevents.charttime asc limit 1 )",select m.value_as_number as answer from <SCHEMA>.measurement m join <SCHEMA>.person p on p.person_id = m.person_id where p.person_source_value = {patient_id} {measurement_filter:vital_name:m.measurement_concept_id} {time_filter_global1:m.measurement_date} {time_filter_exact1:m.measurement_datetime},time_filter_exact1; time_filter_global1,time_filter_exact1: exact-first | exact-last; time_filter_global1: mix-day-last_month | mix-day-last_year | mix-day-this_month | rel-icu-first | rel-icu-last,patient_id; vital_name,6,9,NO,low,,
ehrsql_072,when was patient {patient_id}'s [time_filter_exact1] {culture_name} microbiology test [time_filter_global1]?,select m.measurement_datetime as answer from <SCHEMA>.measurement m join <SCHEMA>.person p on p.person_id = m.person_id where p.person_source_value = {patient_id} {measurement_filter:culture_name:m.measurement_concept_id} {time_filter_global1:m.measurement_date} {time_filter_exact1:m.measurement_datetime},When was the first test of the swab microbiology for patient 95892 in the current hospital encounter?,"select microbiologyevents.charttime from microbiologyevents where microbiologyevents.hadm_id in ( select admissions.hadm_id from admissions where admissions.subject_id = 85895 ) and microbiologyevents.spec_type_desc = 'urine' and datetime(microbiologyevents.charttime,'start of month') = datetime(current_time,'start of month','-1 month') order by microbiologyevents.charttime desc limit 1",select m.measurement_datetime as answer from <SCHEMA>.measurement m join <SCHEMA>.person p on p.person_id = m.person_id where p.person_source_value = {patient_id} {measurement_filter:culture_name:m.measurement_concept_id} {time_filter_global1:m.measurement_date} {time_filter_exact1:m.measurement_datetime},time_filter_exact1; time_filter_global1,time_filter_exact1: exact-first | exact-last; time_filter_global1: abs-month-in | abs-month-since | abs-month-until | rel-hosp-cur | rel-month-until,culture_name; patient_id,6,14,NO,low,,
ehrsql_073,when was the [time_filter_exact1] time that patient {patient_id} had a {intake_name} intake [time_filter_global1]?,select m.measurement_datetime as answer from <SCHEMA>.measurement m join <SCHEMA>.person p on p.person_id = m.person_id where p.person_source_value = {patient_id} {measurement_filter:intake_name:m.measurement_concept_id} {time_filter_global1:m.measurement_date} {time_filter_exact1:m.measurement_datetime},When was the first time during the last ICU visit that patient 3535 had an intake of D10W?,"select inputevents_cv.charttime from inputevents_cv where inputevents_cv.icustay_id in ( select icustays.icustay_id from icustays where icustays.hadm_id in ( select admissions.hadm_id from admissions where admissions.subject_id = 7698 ) ) and inputevents_cv.itemid in ( select d_items.itemid from d_items where d_items.label = 'promote w/fiber' and d_items.linksto = 'inputevents_cv' ) and datetime(inputevents_cv.charttime,'start of month') = datetime(current_time,'start of month','-1 month') and strftime('%d',inputevents_cv.charttime) = '04' order by inputevents_cv.charttime asc limit 1",select m.measurement_datetime as answer from <SCHEMA>.measurement m join <SCHEMA>.person p on p.person_id = m.person_id where p.person_source_value = {patient_id} {measurement_filter:intake_name:m.measurement_concept_id} {time_filter_global1:m.measurement_date} {time_filter_exact1:m.measurement_datetime},time_filter_exact1; time_filter_global1,time_filter_exact1: exact-first | exact-last; time_filter_global1: abs-day-in | abs-day-since | mix-day-last_year | rel-day-since | rel-day-until | rel-icu-cur | rel-icu-last,intake_name; patient_id,7,15,NO,low,,
ehrsql_075,when was the [time_filter_exact1] time that patient {patient_id} had a {output_name} output [time_filter_global1]?,select m.measurement_datetime as answer from <SCHEMA>.measurement m join <SCHEMA>.person p on p.person_id = m.person_id where p.person_source_value = {patient_id} {measurement_filter:output_name:m.measurement_concept_id} {time_filter_global1:m.measurement_date} {time_filter_exact1:m.measurement_datetime},"On 12/18/2100, when was the last foley output time for patient 2700?",select outputevents.charttime from outputevents where outputevents.icustay_id in ( select icustays.icustay_id from icustays where icustays.hadm_id in ( select admissions.hadm_id from admissions where admissions.subject_id = 69895 ) ) and outputevents.itemid in ( select d_items.itemid from d_items where d_items.label = 'foley' and d_items.linksto = 'outputevents' ) order by outputevents.charttime asc limit 1,select m.measurement_datetime as answer from <SCHEMA>.measurement m join <SCHEMA>.person p on p.person_id = m.person_id where p.person_source_value = {patient_id} {measurement_filter:output_name:m.measurement_concept_id} {time_filter_global1:m.measurement_date} {time_filter_exact1:m.measurement_datetime},time_filter_exact1; time_filter_global1,time_filter_exact1: exact-first | exact-last; time_filter_global1: abs-day-in | abs-day-since | mix-day-this_year | rel-day-last | rel-day-this | rel-day-until | rel-icu-first,output_name; patient_id,8,15,NO,low,,
ehrsql_076,when was the [time_filter_exact1] time that patient {patient_id} had a {vital_name} measured [time_filter_global1]?,select m.value_as_number as answer from <SCHEMA>.measurement m join <SCHEMA>.person p on p.person_id = m.person_id where p.person_source_value = {patient_id} {measurement_filter:vital_name:m.measurement_concept_id} {time_filter_global1:m.measurement_date} {time_filter_exact1:m.measurement_datetime},When was the last measurement of arterial BP [diastolic] for patient 6170 today?,"select chartevents.charttime from chartevents where chartevents.icustay_id in ( select icustays.icustay_id from icustays where icustays.hadm_id in ( select admissions.hadm_id from admissions where admissions.subject_id = 17398 ) ) and chartevents.itemid in ( select d_items.itemid from d_items where d_items.label = 'sao2' and d_items.linksto = 'chartevents' ) and strftime('%y-%m-%d',chartevents.charttime) = '2102-08-19' order by chartevents.charttime desc limit 1",select m.value_as_number as answer from <SCHEMA>.measurement m join <SCHEMA>.person p on p.person_id = m.person_id where p.person_source_value = {patient_id} {measurement_filter:vital_name:m.measurement_concept_id} {time_filter_global1:m.measurement_date} {time_filter_exact1:m.measurement_datetime},time_filter_exact1; time_filter_global1,time_filter_exact1: exact-first | exact-last; time_filter_global1: abs-day-since | rel-day-this | rel-icu-last,patient_id; vital_name,4,8,NO,low,,
ehrsql_069,when was the [time_filter_exact1] time that patient {patient_id} received a {lab_name} lab test [time_filter_global1]?,select m.measurement_datetime as answer from <SCHEMA>.measurement m join <SCHEMA>.person p on p.person_id = m.person_id where p.person_source_value = {patient_id} {measurement_filter:lab_name:m.measurement_concept_id} {time_filter_global1:m.measurement_date} {time_filter_exact1:m.measurement_datetime},"Since 03/2103, when did patient 60763 first receive a ptt test?","select labevents.charttime from labevents where labevents.itemid in ( select d_labitems.itemid from d_labitems where d_labitems.label = 'magnesium' ) and labevents.hadm_id in ( select admissions.hadm_id from admissions where admissions.subject_id = 22120 ) and datetime(labevents.charttime,'start of year') = datetime(current_time,'start of year','-0 year') and strftime('%m',labevents.charttime) = '10' order by labevents.charttime asc limit 1",select m.measurement_datetime as answer from <SCHEMA>.measurement m join <SCHEMA>.person p on p.person_id = m.person_id where p.person_source_value = {patient_id} {measurement_filter:lab_name:m.measurement_concept_id} {time_filter_global1:m.measurement_date} {time_filter_exact1:m.measurement_datetime},time_filter_exact1; time_filter_global1,time_filter_exact1: exact-first | exact-last; time_filter_global1: abs-month-since | abs-month-until | mix-month-this_year | null | rel-hosp-first | rel-month-last | rel-month-since,lab_name; patient_id,7,16,NO,low,,
ehrsql_042,what was the [time_filter_exact1] measured value of a {lab_name} lab test of patient {patient_id} [time_filter_global1]?,select m.value_as_number as answer from <SCHEMA>.measurement m join <SCHEMA>.person p on p.person_id = m.person_id where p.person_source_value = {patient_id} {measurement_filter:lab_name:m.measurement_concept_id} {time_filter_global1:m.measurement_date} {time_filter_exact1:m.measurement_datetime},What was the first value of the alanine aminotransferase (ALT) lab test for patient 88404 since 97 months ago?,"select labevents.valuenum from labevents where labevents.hadm_id in ( select admissions.hadm_id from admissions where admissions.subject_id = 56201 ) and labevents.itemid in ( select d_labitems.itemid from d_labitems where d_labitems.label = 'calculated total co2' ) and strftime('%y-%m',labevents.charttime) <= '2103-09' and labevents.charttime = ( select distinct labevents.charttime from labevents where labevents.hadm_id in ( select admissions.hadm_id from admissions where admissions.subject_id = 56201 ) and labevents.itemid in ( select d_labitems.itemid from d_labitems where d_labitems.label = 'calculated total co2' ) and strftime('%y-%m',labevents.charttime) <= '2103-09' order by labevents.charttime desc limit 1 )",select m.value_as_number as answer from <SCHEMA>.measurement m join <SCHEMA>.person p on p.person_id = m.person_id where p.person_source_value = {patient_id} {measurement_filter:lab_name:m.measurement_concept_id} {time_filter_global1:m.measurement_date} {time_filter_exact1:m.measurement_datetime},time_filter_exact1; time_filter_global1,time_filter_exact1: exact-first | exact-last; time_filter_global1: mix-month-this_year | null | rel-hosp-cur | rel-hosp-first | rel-month-since,lab_name; patient_id,5,12,NO,low,,
ehrsql_045,what was the organism name found in the [time_filter_exact1] {culture_name} microbiology test of patient {patient_id} [time_filter_global1]?,"select coalesce(vc.concept_name, m.value_source_value) as answer from <SCHEMA>.measurement m left join <SCHEMA>.concept vc on vc.concept_id = m.value_as_concept_id join <SCHEMA>.person p on p.person_id = m.person_id where p.person_source_value = {patient_id} {measurement_filter:culture_name:m.measurement_concept_id} and (m.value_as_concept_id is not null or m.value_source_value is not null) {time_filter_global1:m.measurement_date} {time_filter_exact1:m.measurement_datetime}",What organisms were identified in the first urine test of patient 15107 during their last hospital visit?,"select microbiologyevents.org_name from microbiologyevents where microbiologyevents.hadm_id in ( select admissions.hadm_id from admissions where admissions.subject_id = 92788 ) and microbiologyevents.spec_type_desc = 'foot culture' and microbiologyevents.org_name is not null and strftime('%y-%m',microbiologyevents.charttime) >= '2105-12' order by microbiologyevents.charttime asc limit 1","select coalesce(vc.concept_name, m.value_source_value) as answer from <SCHEMA>.measurement m left join <SCHEMA>.concept vc on vc.concept_id = m.value_as_concept_id join <SCHEMA>.person p on p.person_id = m.person_id where p.person_source_value = {patient_id} {measurement_filter:culture_name:m.measurement_concept_id} and (m.value_as_concept_id is not null or m.value_source_value is not null) {time_filter_global1:m.measurement_date} {time_filter_exact1:m.measurement_datetime}",time_filter_exact1; time_filter_global1,time_filter_exact1: exact-first | exact-last; time_filter_global1: mix-month-last_year | rel-hosp-first | rel-hosp-last | rel-month-since | rel-month-this,culture_name; patient_id,5,9,NO,low,,
ehrsql_093,has_verb there been any organism found in the [time_filter_exact1] {culture_name} microbiology test of patient {patient_id} [time_filter_global1]?,select count(*) > 0 as answer from <SCHEMA>.measurement m left join <SCHEMA>.concept vc on vc.concept_id = m.value_as_concept_id join <SCHEMA>.person p on p.person_id = m.person_id where p.person_source_value = {patient_id} {measurement_filter:culture_name:m.measurement_concept_id} and (m.value_as_concept_id is not null or m.value_source_value is not null) {time_filter_global1:m.measurement_date} {time_filter_exact1:m.measurement_datetime},"Since 4 years ago, has any organism been detected in the first urine test of patient 59941?","select count(*)>0 from microbiologyevents where microbiologyevents.hadm_id in ( select admissions.hadm_id from admissions where admissions.subject_id = 8005 ) and microbiologyevents.spec_type_desc = 'serology/blood' and microbiologyevents.org_name is not null and strftime('%y',microbiologyevents.charttime) <= '2104' order by microbiologyevents.charttime desc limit 1",select count(*) > 0 as answer from <SCHEMA>.measurement m left join <SCHEMA>.concept vc on vc.concept_id = m.value_as_concept_id join <SCHEMA>.person p on p.person_id = m.person_id where p.person_source_value = {patient_id} {measurement_filter:culture_name:m.measurement_concept_id} and (m.value_as_concept_id is not null or m.value_source_value is not null) {time_filter_global1:m.measurement_date} {time_filter_exact1:m.measurement_datetime},time_filter_exact1; time_filter_global1,time_filter_exact1: exact-first | exact-last; time_filter_global1: abs-month-until | rel-hosp-cur | rel-hosp-last | rel-year-since,culture_name; patient_id,4,8,NO,low,,
ehrsql_078,when was the [time_filter_exact1] time that patient {patient_id} had the [sort] {vital_name} [time_filter_global1]?,select m.measurement_datetime as answer from <SCHEMA>.measurement m join <SCHEMA>.person p on p.person_id = m.person_id where p.person_source_value = {patient_id} {measurement_filter:vital_name:m.measurement_concept_id} {time_filter_global1:m.measurement_date} {sort:m.value_as_number} {time_filter_exact1:m.measurement_datetime},When was the first time patient 22897 had the minimum value of temperature C (calc)?,"select chartevents.charttime from chartevents where chartevents.icustay_id in ( select icustays.icustay_id from icustays where icustays.hadm_id in ( select admissions.hadm_id from admissions where admissions.subject_id = 12775 ) and icustays.outtime is null ) and chartevents.itemid in ( select d_items.itemid from d_items where d_items.label = 'arterial bp mean' and d_items.linksto = 'chartevents' ) order by chartevents.valuenum asc, chartevents.charttime asc limit 1",select m.measurement_datetime as answer from <SCHEMA>.measurement m join <SCHEMA>.person p on p.person_id = m.person_id where p.person_source_value = {patient_id} {measurement_filter:vital_name:m.measurement_concept_id} {time_filter_global1:m.measurement_date} {sort:m.value_as_number} {time_filter_exact1:m.measurement_datetime},time_filter_exact1; sort; time_filter_global1,sort: max | min; time_filter_exact1: exact-first | exact-last; time_filter_global1: abs-day-until | mix-day-last_year | null | rel-day-last | rel-day-since,patient_id; vital_name,6,12,NO,low,,
ehrsql_070,when was the [time_filter_exact1] time that patient {patient_id} had the [sort] value of {lab_name} [time_filter_global1]?,select m.measurement_datetime as answer from <SCHEMA>.measurement m join <SCHEMA>.person p on p.person_id = m.person_id where p.person_source_value = {patient_id} {measurement_filter:lab_name:m.measurement_concept_id} {time_filter_global1:m.measurement_date} {sort:m.value_as_number} {time_filter_exact1:m.measurement_datetime},When was the last time patient 74624 had the minimum potassium in December of this year?,"select labevents.charttime from labevents where labevents.hadm_id in ( select admissions.hadm_id from admissions where admissions.subject_id = 9619 ) and labevents.itemid in ( select d_labitems.itemid from d_labitems where d_labitems.label = 'potassium' ) and datetime(labevents.charttime) <= datetime(current_time,'-42 month') order by labevents.valuenum asc, labevents.charttime desc limit 1",select m.measurement_datetime as answer from <SCHEMA>.measurement m join <SCHEMA>.person p on p.person_id = m.person_id where p.person_source_value = {patient_id} {measurement_filter:lab_name:m.measurement_concept_id} {time_filter_global1:m.measurement_date} {sort:m.value_as_number} {time_filter_exact1:m.measurement_datetime},time_filter_exact1; sort; time_filter_global1,sort: max | min; time_filter_exact1: exact-first | exact-last; time_filter_global1: abs-month-in | abs-month-since | mix-month-this_year | rel-hosp-cur | rel-hosp-last,lab_name; patient_id,7,14,NO,low,,
ehrsql_055,what was the [agg_function] {vital_name} of patient {patient_id} [time_filter_global1]?,select {agg_function:m.value_as_number} as answer from <SCHEMA>.measurement m join <SCHEMA>.person p on p.person_id = m.person_id where p.person_source_value = {patient_id} {measurement_filter:vital_name:m.measurement_concept_id} {time_filter_global1:m.measurement_date},Tell me patient 1815's maximum arterial bp mean since 1185 days ago.,"select max(chartevents.valuenum) from chartevents where chartevents.icustay_id in ( select icustays.icustay_id from icustays where icustays.hadm_id in ( select admissions.hadm_id from admissions where admissions.subject_id = 18866 ) ) and chartevents.itemid in ( select d_items.itemid from d_items where d_items.label = 'arterial bp [diastolic]' and d_items.linksto = 'chartevents' ) and datetime(chartevents.charttime,'start of day') = datetime(current_time,'start of day','-1 day')",select {agg_function:m.value_as_number} as answer from <SCHEMA>.measurement m join <SCHEMA>.person p on p.person_id = m.person_id where p.person_source_value = {patient_id} {measurement_filter:vital_name:m.measurement_concept_id} {time_filter_global1:m.measurement_date},agg_function; time_filter_global1,agg_function: average | maximum; time_filter_global1: abs-day-since | mix-day-last_month | mix-day-this_year | rel-day-since | rel-day-this | rel-icu-cur,patient_id; vital_name,7,11,NO,low,,
ehrsql_044,what was the [agg_function] {lab_name} value of patient {patient_id} [time_filter_global1]?,select {agg_function:m.value_as_number} as answer from <SCHEMA>.measurement m join <SCHEMA>.person p on p.person_id = m.person_id where p.person_source_value = {patient_id} {measurement_filter:lab_name:m.measurement_concept_id} {time_filter_global1:m.measurement_date},What was patient 22449's highest pH value during their last hospital encounter?,"select max(labevents.valuenum) from labevents where labevents.hadm_id in ( select admissions.hadm_id from admissions where admissions.subject_id = 19412 ) and labevents.itemid in ( select d_labitems.itemid from d_labitems where d_labitems.label = 'base excess' ) and datetime(labevents.charttime,'start of month') = datetime(current_time,'start of month','-0 month')",select {agg_function:m.value_as_number} as answer from <SCHEMA>.measurement m join <SCHEMA>.person p on p.person_id = m.person_id where p.person_source_value = {patient_id} {measurement_filter:lab_name:m.measurement_concept_id} {time_filter_global1:m.measurement_date},agg_function; time_filter_global1,agg_function: maximum | minimum; time_filter_global1: abs-month-since | abs-month-until | mix-month-last_year | rel-hosp-last | rel-month-last | rel-month-until,lab_name; patient_id,7,14,NO,low,,
ehrsql_096,has_verb the {vital_name} of patient {patient_id} been ever [comparison] than {vital_value} [time_filter_global1]?,select count(*) > 0 as answer from <SCHEMA>.measurement m join <SCHEMA>.person p on p.person_id = m.person_id where p.person_source_value = {patient_id} {measurement_filter:vital_name:m.measurement_concept_id} and m.value_as_number {comparison_operator} {vital_value} {time_filter_global1:m.measurement_date},Has the respiratory rate in patient 7073 ever been less than 26.0 until 450 days ago?,"select count(*)>0 from chartevents where chartevents.icustay_id in ( select icustays.icustay_id from icustays where icustays.hadm_id in ( select admissions.hadm_id from admissions where admissions.subject_id = 28447 ) ) and chartevents.itemid in ( select d_items.itemid from d_items where d_items.label = 'respiratory rate' and d_items.linksto = 'chartevents' ) and chartevents.valuenum > 20.0 and strftime('%y-%m',chartevents.charttime) = '2105-12'",select count(*) > 0 as answer from <SCHEMA>.measurement m join <SCHEMA>.person p on p.person_id = m.person_id where p.person_source_value = {patient_id} {measurement_filter:vital_name:m.measurement_concept_id} and m.value_as_number {comparison_operator} {vital_value} {time_filter_global1:m.measurement_date},comparison; time_filter_global1,comparison: greater | less; time_filter_global1: mix-day-this_month | mix-month-last_year | rel-day-until | rel-month-until,patient_id; vital_name; vital_value,4,11,YES,high,comparison,comparison questions may compare against either a literal threshold or another selected event value
ehrsql_077,when was the [time_filter_exact1] time that the {vital_name} of patient {patient_id} was [comparison] than {vital_value} [time_filter_global1]?,select m.measurement_datetime as answer from <SCHEMA>.measurement m join <SCHEMA>.person p on p.person_id = m.person_id where p.person_source_value = {patient_id} {measurement_filter:vital_name:m.measurement_concept_id} and m.value_as_number {comparison_operator} {vital_value} {time_filter_global1:m.measurement_date} {time_filter_exact1:m.measurement_datetime},When was the last time patient 15794's arterial BP [diastolic] was measured at greater than 45.0 since 10/20/2101?,"select chartevents.charttime from chartevents where chartevents.icustay_id in ( select icustays.icustay_id from icustays where icustays.hadm_id in ( select admissions.hadm_id from admissions where admissions.subject_id = 3125 ) ) and chartevents.itemid in ( select d_items.itemid from d_items where d_items.label = 'respiratory rate' and d_items.linksto = 'chartevents' ) and chartevents.valuenum > 14.0 and datetime(chartevents.charttime,'start of day') = datetime(current_time,'start of day','-0 day') and chartevents.charttime = ( select distinct chartevents.charttime from chartevents where chartevents.icustay_id in ( select icustays.icustay_id from icustays where icustays.hadm_id in ( select admissions.hadm_id from admissions where admissions.subject_id = 3125 ) ) and chartevents.itemid in ( select d_items.itemid from d_items where d_items.label = 'respiratory rate' and d_items.linksto = 'chartevents' ) and chartevents.valuenum > 14.0 and datetime(chartevents.charttime,'start of day') = datetime(current_time,'start of day','-0 day') order by chartevents.charttime asc limit 1 )",select m.measurement_datetime as answer from <SCHEMA>.measurement m join <SCHEMA>.person p on p.person_id = m.person_id where p.person_source_value = {patient_id} {measurement_filter:vital_name:m.measurement_concept_id} and m.value_as_number {comparison_operator} {vital_value} {time_filter_global1:m.measurement_date} {time_filter_exact1:m.measurement_datetime},time_filter_exact1; comparison; time_filter_global1,comparison: greater | less; time_filter_exact1: exact-first | exact-last; time_filter_global1: abs-day-since | rel-day-since | rel-icu-first,patient_id; vital_name; vital_value,4,11,YES,high,comparison,comparison questions may compare against either a literal threshold or another selected event value
ehrsql_159,what are_verb the top [n_rank] frequent lab tests [time_filter_global1]?,"select c.concept_name from (select mc.measurement_concept_id as concept_id, sum(mc.n) as n from <SCHEMA>.schera_measurement_concept_date_counts mc where 1=1 {time_filter_global1:mc.measurement_date} group by mc.measurement_concept_id order by n desc {n_rank_limit}) r join <SCHEMA>.concept c on c.concept_id = r.concept_id order by r.n desc",What are the three lab tests that are most common in 2101?,"select d_labitems.label from d_labitems where d_labitems.itemid in ( select t1.itemid from ( select labevents.itemid, dense_rank() over ( order by count(*) desc ) as c1 from labevents group by labevents.itemid ) as t1 where t1.c1 <= 3 )","select c.concept_name from (select mc.measurement_concept_id as concept_id, sum(mc.n) as n from <SCHEMA>.schera_measurement_concept_date_counts mc where 1=1 {time_filter_global1:mc.measurement_date} group by mc.measurement_concept_id order by n desc {n_rank_limit}) r join <SCHEMA>.concept c on c.concept_id = r.concept_id order by r.n desc",n_rank; time_filter_global1,n_rank: five | four | three; time_filter_global1: abs-year-in | abs-year-since | abs-year-until | rel-year-last | rel-year-since | rel-year-this | rel-year-until,NONE,12,0,NO,low,,
ehrsql_166,what are_verb the top [n_rank] frequent intake events [time_filter_global1]?,select null::text as answer where false /* unsupported_external_event_category_mapping */,What are the four that have been the most frequent intake since 2102?,"select d_items.label from d_items where d_items.itemid in ( select t1.itemid from ( select inputevents_cv.itemid, dense_rank() over ( order by count(*) desc ) as c1 from inputevents_cv where strftime('%y',inputevents_cv.charttime) = '2101' group by inputevents_cv.itemid ) as t1 where t1.c1 <= 4 )",select null::text as answer where false /* unsupported_external_event_category_mapping */,n_rank; time_filter_global1,n_rank: five | four | three; time_filter_global1: abs-year-since | abs-year-until | null | rel-year-last | rel-year-since | rel-year-this | rel-year-until,NONE,13,0,YES,unsupported,cdm_support_policy,unsupported_external_event_category_mapping
ehrsql_167,what are_verb the top [n_rank] frequent output events [time_filter_global1]?,select null::text as answer where false /* unsupported_external_event_category_mapping */,Tell me what the top three most common output events were this year.,"select d_items.label from d_items where d_items.itemid in ( select t1.itemid from ( select outputevents.itemid, dense_rank() over ( order by count(*) desc ) as c1 from outputevents where datetime(outputevents.charttime) <= datetime(current_time,'-3 year') group by outputevents.itemid ) as t1 where t1.c1 <= 4 )",select null::text as answer where false /* unsupported_external_event_category_mapping */,n_rank; time_filter_global1,n_rank: five | four | three; time_filter_global1: abs-year-in | abs-year-since | abs-year-until | rel-year-last | rel-year-since | rel-year-this | rel-year-until,NONE,11,0,YES,unsupported,cdm_support_policy,unsupported_external_event_category_mapping
ehrsql_163,what are_verb the top [n_rank] frequent specimens tested [time_filter_global1]?,"select c.concept_name from (select s.specimen_concept_id as concept_id, count(*) as n from <SCHEMA>.specimen s where 1=1 {time_filter_global1:s.specimen_date} group by s.specimen_concept_id order by n desc {n_rank_limit}) r join <SCHEMA>.concept c on c.concept_id = r.concept_id order by r.n desc",What are the four most frequently ordered specimen tests?,"select t1.spec_type_desc from ( select microbiologyevents.spec_type_desc, dense_rank() over ( order by count(*) desc ) as c1 from microbiologyevents where datetime(microbiologyevents.charttime) <= datetime(current_time,'-3 year') group by microbiologyevents.spec_type_desc ) as t1 where t1.c1 <= 4","select c.concept_name from (select s.specimen_concept_id as concept_id, count(*) as n from <SCHEMA>.specimen s where 1=1 {time_filter_global1:s.specimen_date} group by s.specimen_concept_id order by n desc {n_rank_limit}) r join <SCHEMA>.concept c on c.concept_id = r.concept_id order by r.n desc",n_rank; time_filter_global1,n_rank: five | four | three; time_filter_global1: abs-year-in | abs-year-since | null,NONE,4,0,NO,low,,
ehrsql_100,list the [unit_average] [agg_function] weight of patient {patient_id} [time_filter_global1].,"select {unit_average_bucket:m.measurement_date} as period_key, {agg_function:m.value_as_number} as answer from <SCHEMA>.measurement m join <SCHEMA>.person p on p.person_id = m.person_id where p.person_source_value = {patient_id} {measurement_filter:weight:m.measurement_concept_id} {time_filter_global1:m.measurement_date} group by {unit_average_bucket:m.measurement_date} order by period_key",What is the average weight of patient 7165 on a daily basis?,"select max(chartevents.valuenum) from chartevents where chartevents.icustay_id in ( select icustays.icustay_id from icustays where icustays.hadm_id in ( select admissions.hadm_id from admissions where admissions.subject_id = 32168 ) ) and chartevents.itemid in ( select d_items.itemid from d_items where d_items.label = 'admit wt' and d_items.linksto = 'chartevents' ) and datetime(chartevents.charttime) <= datetime(current_time,'-4 year') group by strftime('%y',chartevents.charttime)","select {unit_average_bucket:m.measurement_date} as period_key, {agg_function:m.value_as_number} as answer from <SCHEMA>.measurement m join <SCHEMA>.person p on p.person_id = m.person_id where p.person_source_value = {patient_id} {measurement_filter:weight:m.measurement_concept_id} {time_filter_global1:m.measurement_date} group by {unit_average_bucket:m.measurement_date} order by period_key",unit_average; agg_function; time_filter_global1,agg_function: average | minimum; time_filter_global1: abs-month-until | null | rel-month-since | rel-year-until; unit_average: daily | monthly,patient_id,4,5,NO,low,,
ehrsql_103,list the [unit_average] [agg_function] {vital_name} of patient {patient_id} [time_filter_global1].,"select {unit_average_bucket:m.measurement_date} as period_key, {agg_function:m.value_as_number} as answer from <SCHEMA>.measurement m join <SCHEMA>.person p on p.person_id = m.person_id where p.person_source_value = {patient_id} {measurement_filter:vital_name:m.measurement_concept_id} {time_filter_global1:m.measurement_date} group by {unit_average_bucket:m.measurement_date} order by period_key","Provide the daily minimum arterial BP [diastolic] of patient 28966, in 11/2100.","select avg(chartevents.valuenum) from chartevents where chartevents.icustay_id in ( select icustays.icustay_id from icustays where icustays.hadm_id in ( select admissions.hadm_id from admissions where admissions.subject_id = 13054 and admissions.dischtime is null ) ) and chartevents.itemid in ( select d_items.itemid from d_items where d_items.label = 'temperature c (calc)' and d_items.linksto = 'chartevents' ) group by strftime('%y-%m-%d',chartevents.charttime)","select {unit_average_bucket:m.measurement_date} as period_key, {agg_function:m.value_as_number} as answer from <SCHEMA>.measurement m join <SCHEMA>.person p on p.person_id = m.person_id where p.person_source_value = {patient_id} {measurement_filter:vital_name:m.measurement_concept_id} {time_filter_global1:m.measurement_date} group by {unit_average_bucket:m.measurement_date} order by period_key",unit_average; agg_function; time_filter_global1,agg_function: average | maximum | minimum; time_filter_global1: abs-month-in | abs-month-until | null | rel-day-until | rel-hosp-first | rel-icu-first; unit_average: daily | monthly | yearly,patient_id; vital_name,10,15,NO,low,,
ehrsql_099,list the [unit_average] [agg_function] {lab_name} lab value of patient {patient_id} [time_filter_global1].,"select {unit_average_bucket:m.measurement_date} as period_key, {agg_function:m.value_as_number} as answer from <SCHEMA>.measurement m join <SCHEMA>.person p on p.person_id = m.person_id where p.person_source_value = {patient_id} {measurement_filter:lab_name:m.measurement_concept_id} {time_filter_global1:m.measurement_date} group by {unit_average_bucket:m.measurement_date} order by period_key",What is the daily average value of protein for patient 25523 last year?,"select min(labevents.valuenum) from labevents where labevents.hadm_id in ( select admissions.hadm_id from admissions where admissions.subject_id = 71559 ) and labevents.itemid in ( select d_labitems.itemid from d_labitems where d_labitems.label = 'glucose' ) and strftime('%y-%m',labevents.charttime) <= '2103-03' group by strftime('%y-%m',labevents.charttime)","select {unit_average_bucket:m.measurement_date} as period_key, {agg_function:m.value_as_number} as answer from <SCHEMA>.measurement m join <SCHEMA>.person p on p.person_id = m.person_id where p.person_source_value = {patient_id} {measurement_filter:lab_name:m.measurement_concept_id} {time_filter_global1:m.measurement_date} group by {unit_average_bucket:m.measurement_date} order by period_key",unit_average; agg_function; time_filter_global1,agg_function: average | maximum | minimum; time_filter_global1: abs-month-in | abs-month-since | abs-year-until | rel-hosp-cur | rel-hosp-first | rel-month-since | rel-month-this | rel-month-until | rel-year-last; unit_average: daily | monthly,lab_name; patient_id,12,23,NO,low,,
ehrsql_102,list the [unit_average] [agg_function] volume of {output_name} output that patient {patient_id} had [time_filter_global1].,"select {unit_average_bucket:m.measurement_date} as period_key, {agg_function:m.value_as_number} as answer from <SCHEMA>.measurement m join <SCHEMA>.person p on p.person_id = m.person_id where p.person_source_value = {patient_id} {measurement_filter:output_name:m.measurement_concept_id} {time_filter_global1:m.measurement_date} group by {unit_average_bucket:m.measurement_date} order by period_key",Indicate the daily minimum amount of chest tubes CTICU CT 1 output that patient 15945 has had in December of this year.,"select min(outputevents.value) from outputevents where outputevents.icustay_id in ( select icustays.icustay_id from icustays where icustays.hadm_id in ( select admissions.hadm_id from admissions where admissions.subject_id = 27177 and admissions.dischtime is not null order by admissions.admittime asc limit 1 ) ) and outputevents.itemid in ( select d_items.itemid from d_items where d_items.label = 'urine .' and d_items.linksto = 'outputevents' ) group by strftime('%y-%m-%d',outputevents.charttime)","select {unit_average_bucket:m.measurement_date} as period_key, {agg_function:m.value_as_number} as answer from <SCHEMA>.measurement m join <SCHEMA>.person p on p.person_id = m.person_id where p.person_source_value = {patient_id} {measurement_filter:output_name:m.measurement_concept_id} {time_filter_global1:m.measurement_date} group by {unit_average_bucket:m.measurement_date} order by period_key",unit_average; agg_function; time_filter_global1,agg_function: average | maximum | minimum; time_filter_global1: abs-day-until | abs-month-until | mix-month-this_year | rel-day-until; unit_average: daily | monthly,output_name; patient_id,5,10,NO,low,,
ehrsql_101,list the [unit_average] [agg_function] volume of {intake_name} intake that patient {patient_id} received [time_filter_global1].,"select {unit_average_bucket:m.measurement_date} as period_key, {agg_function:m.value_as_number} as answer from <SCHEMA>.measurement m join <SCHEMA>.person p on p.person_id = m.person_id where p.person_source_value = {patient_id} {measurement_filter:intake_name:m.measurement_concept_id} {time_filter_global1:m.measurement_date} group by {unit_average_bucket:m.measurement_date} order by period_key",What is the daily minimum dose of Promote w/Fiber for patient 30296 in May of this year?,"select min(inputevents_cv.amount) from inputevents_cv where inputevents_cv.icustay_id in ( select icustays.icustay_id from icustays where icustays.hadm_id in ( select admissions.hadm_id from admissions where admissions.subject_id = 29611 ) ) and inputevents_cv.itemid in ( select d_items.itemid from d_items where d_items.label = '.9% normal saline' and d_items.linksto = 'inputevents_cv' ) and strftime('%y-%m-%d',inputevents_cv.charttime) >= '2104-04-04' group by strftime('%y-%m',inputevents_cv.charttime)","select {unit_average_bucket:m.measurement_date} as period_key, {agg_function:m.value_as_number} as answer from <SCHEMA>.measurement m join <SCHEMA>.person p on p.person_id = m.person_id where p.person_source_value = {patient_id} {measurement_filter:intake_name:m.measurement_concept_id} {time_filter_global1:m.measurement_date} group by {unit_average_bucket:m.measurement_date} order by period_key",unit_average; agg_function; time_filter_global1,agg_function: average | maximum | minimum; time_filter_global1: abs-day-since | abs-day-until | abs-month-until | mix-month-this_year | rel-icu-last | rel-month-since; unit_average: daily | monthly | yearly,intake_name; patient_id,10,19,NO,low,,
ehrsql_014,is the {vital_name} of patient {patient_id} [time_filter_exact2] measured [time_filter_global2] [comparison] than the [time_filter_exact1] value measured [time_filter_global1]?,"with v1 as (select m.value_as_number from <SCHEMA>.measurement m join <SCHEMA>.person p on p.person_id = m.person_id where p.person_source_value = {patient_id} {measurement_filter:vital_name:m.measurement_concept_id} {time_filter_global1:m.measurement_date} {time_filter_exact1:m.measurement_datetime}), v2 as (select m.value_as_number from <SCHEMA>.measurement m join <SCHEMA>.person p on p.person_id = m.person_id where p.person_source_value = {patient_id} {measurement_filter:vital_name:m.measurement_concept_id} {time_filter_global2:m.measurement_date} {time_filter_exact2:m.measurement_datetime}) select v2.value_as_number {comparison_operator} v1.value_as_number as answer from v1 cross join v2","Compared to the last measurement during the first ICU visit, was the heart rate of patient 8814 less than the value first measured during that visit?",select ( select chartevents.valuenum from chartevents where chartevents.icustay_id in ( select icustays.icustay_id from icustays where icustays.hadm_id in ( select admissions.hadm_id from admissions where admissions.subject_id = 8116 ) and icustays.outtime is null ) and chartevents.itemid in ( select d_items.itemid from d_items where d_items.label = 'arterial bp [diastolic]' and d_items.linksto = 'chartevents' ) and chartevents.charttime = ( select distinct chartevents.charttime from chartevents where chartevents.icustay_id in ( select icustays.icustay_id from icustays where icustays.hadm_id in ( select admissions.hadm_id from admissions where admissions.subject_id = 8116 ) and icustays.outtime is null ) and chartevents.itemid in ( select d_items.itemid from d_items where d_items.label = 'arterial bp [diastolic]' and d_items.linksto = 'chartevents' ) order by chartevents.charttime desc limit 1 ) ) < ( select chartevents.valuenum from chartevents where chartevents.icustay_id in ( select icustays.icustay_id from icustays where icustays.hadm_id in ( select admissions.hadm_id from admissions where admissions.subject_id = 8116 ) and icustays.outtime is null ) and chartevents.itemid in ( select d_items.itemid from d_items where d_items.label = 'arterial bp [diastolic]' and d_items.linksto = 'chartevents' ) and chartevents.charttime = ( select distinct chartevents.charttime from chartevents where chartevents.icustay_id in ( select icustays.icustay_id from icustays where icustays.hadm_id in ( select admissions.hadm_id from admissions where admissions.subject_id = 8116 ) and icustays.outtime is null ) and chartevents.itemid in ( select d_items.itemid from d_items where d_items.label = 'arterial bp [diastolic]' and d_items.linksto = 'chartevents' ) order by chartevents.charttime asc limit 1 ) ),"with v1 as (select m.value_as_number from <SCHEMA>.measurement m join <SCHEMA>.person p on p.person_id = m.person_id where p.person_source_value = {patient_id} {measurement_filter:vital_name:m.measurement_concept_id} {time_filter_global1:m.measurement_date} {time_filter_exact1:m.measurement_datetime}), v2 as (select m.value_as_number from <SCHEMA>.measurement m join <SCHEMA>.person p on p.person_id = m.person_id where p.person_source_value = {patient_id} {measurement_filter:vital_name:m.measurement_concept_id} {time_filter_global2:m.measurement_date} {time_filter_exact2:m.measurement_datetime}) select v2.value_as_number {comparison_operator} v1.value_as_number as answer from v1 cross join v2",time_filter_exact2; time_filter_global2; comparison; time_filter_exact1; time_filter_global1,comparison: greater | less; time_filter_exact1: exact-first | exact-second_to_last; time_filter_exact2: exact-last; time_filter_global1: rel-icu-cur | rel-icu-first; time_filter_global2: rel-icu-cur | rel-icu-first,patient_id; vital_name,5,9,YES,high,comparison; time_filter_exact1; time_filter_exact2; time_filter_global1; time_filter_global2,paired event/value extraction may require two separately filtered subqueries; comparison questions may compare against either a literal threshold or another selected event value
ehrsql_013,is the value of {lab_name} of patient {patient_id} [time_filter_exact2] measured [time_filter_global2] [comparison] than the [time_filter_exact1] value measured [time_filter_global1]?,"with v1 as (select m.value_as_number from <SCHEMA>.measurement m join <SCHEMA>.person p on p.person_id = m.person_id where p.person_source_value = {patient_id} {measurement_filter:lab_name:m.measurement_concept_id} {time_filter_global1:m.measurement_date} {time_filter_exact1:m.measurement_datetime}), v2 as (select m.value_as_number from <SCHEMA>.measurement m join <SCHEMA>.person p on p.person_id = m.person_id where p.person_source_value = {patient_id} {measurement_filter:lab_name:m.measurement_concept_id} {time_filter_global2:m.measurement_date} {time_filter_exact2:m.measurement_datetime}) select v2.value_as_number {comparison_operator} v1.value_as_number as answer from v1 cross join v2",Was the value of the base excess for patient 15447 last measured during the current hospital visit greater than the first value measured during the current hospital visit?,select ( select labevents.valuenum from labevents where labevents.hadm_id in ( select admissions.hadm_id from admissions where admissions.subject_id = 83062 and admissions.dischtime is null ) and labevents.itemid in ( select d_labitems.itemid from d_labitems where d_labitems.label = 'mcv' ) and labevents.charttime = ( select distinct labevents.charttime from labevents where labevents.hadm_id in ( select admissions.hadm_id from admissions where admissions.subject_id = 83062 and admissions.dischtime is null ) and labevents.itemid in ( select d_labitems.itemid from d_labitems where d_labitems.label = 'mcv' ) order by labevents.charttime desc limit 1 ) ) < ( select labevents.valuenum from labevents where labevents.hadm_id in ( select admissions.hadm_id from admissions where admissions.subject_id = 83062 and admissions.dischtime is null ) and labevents.itemid in ( select d_labitems.itemid from d_labitems where d_labitems.label = 'mcv' ) and labevents.charttime = ( select distinct labevents.charttime from labevents where labevents.hadm_id in ( select admissions.hadm_id from admissions where admissions.subject_id = 83062 and admissions.dischtime is null ) and labevents.itemid in ( select d_labitems.itemid from d_labitems where d_labitems.label = 'mcv' ) order by labevents.charttime asc limit 1 ) ),"with v1 as (select m.value_as_number from <SCHEMA>.measurement m join <SCHEMA>.person p on p.person_id = m.person_id where p.person_source_value = {patient_id} {measurement_filter:lab_name:m.measurement_concept_id} {time_filter_global1:m.measurement_date} {time_filter_exact1:m.measurement_datetime}), v2 as (select m.value_as_number from <SCHEMA>.measurement m join <SCHEMA>.person p on p.person_id = m.person_id where p.person_source_value = {patient_id} {measurement_filter:lab_name:m.measurement_concept_id} {time_filter_global2:m.measurement_date} {time_filter_exact2:m.measurement_datetime}) select v2.value_as_number {comparison_operator} v1.value_as_number as answer from v1 cross join v2",time_filter_exact2; time_filter_global2; comparison; time_filter_exact1; time_filter_global1,comparison: greater | less; time_filter_exact1: exact-first | exact-second_to_last; time_filter_exact2: exact-last | exact-second; time_filter_global1: rel-hosp-cur | rel-hosp-first | rel-hosp-last; time_filter_global2: rel-hosp-cur | rel-hosp-first | rel-hosp-last,lab_name; patient_id,5,12,YES,high,comparison; time_filter_exact1; time_filter_exact2; time_filter_global1; time_filter_global2,paired event/value extraction may require two separately filtered subqueries; comparison questions may compare against either a literal threshold or another selected event value
ehrsql_010,what is the change in the weight of patient {patient_id} from the [time_filter_exact2] value measured [time_filter_global2] compared to the [time_filter_exact1] value measured [time_filter_global1]?,"with v1 as (select m.value_as_number from <SCHEMA>.measurement m join <SCHEMA>.person p on p.person_id = m.person_id where p.person_source_value = {patient_id} {measurement_filter:weight:m.measurement_concept_id} {time_filter_global1:m.measurement_date} {time_filter_exact1:m.measurement_datetime}), v2 as (select m.value_as_number from <SCHEMA>.measurement m join <SCHEMA>.person p on p.person_id = m.person_id where p.person_source_value = {patient_id} {measurement_filter:weight:m.measurement_concept_id} {time_filter_global2:m.measurement_date} {time_filter_exact2:m.measurement_datetime}) select v2.value_as_number - v1.value_as_number as answer from v1 cross join v2",What is the difference in weight for patient 20441 last measured at the first hospital visit compared to the second to last value measured at the first hospital visit?,select ( select chartevents.valuenum from chartevents where chartevents.icustay_id in ( select icustays.icustay_id from icustays where icustays.hadm_id in ( select admissions.hadm_id from admissions where admissions.subject_id = 12726 and admissions.dischtime is null ) ) and chartevents.itemid in ( select d_items.itemid from d_items where d_items.label = 'admit wt' and d_items.linksto = 'chartevents' ) and chartevents.charttime = ( select distinct chartevents.charttime from chartevents where chartevents.icustay_id in ( select icustays.icustay_id from icustays where icustays.hadm_id in ( select admissions.hadm_id from admissions where admissions.subject_id = 12726 and admissions.dischtime is null ) ) and chartevents.itemid in ( select d_items.itemid from d_items where d_items.label = 'admit wt' and d_items.linksto = 'chartevents' ) order by chartevents.charttime desc limit 1 ) ) - ( select chartevents.valuenum from chartevents where chartevents.icustay_id in ( select icustays.icustay_id from icustays where icustays.hadm_id in ( select admissions.hadm_id from admissions where admissions.subject_id = 12726 and admissions.dischtime is null ) ) and chartevents.itemid in ( select d_items.itemid from d_items where d_items.label = 'admit wt' and d_items.linksto = 'chartevents' ) and chartevents.charttime = ( select distinct chartevents.charttime from chartevents where chartevents.icustay_id in ( select icustays.icustay_id from icustays where icustays.hadm_id in ( select admissions.hadm_id from admissions where admissions.subject_id = 12726 and admissions.dischtime is null ) ) and chartevents.itemid in ( select d_items.itemid from d_items where d_items.label = 'admit wt' and d_items.linksto = 'chartevents' ) order by chartevents.charttime asc limit 1 ) ),"with v1 as (select m.value_as_number from <SCHEMA>.measurement m join <SCHEMA>.person p on p.person_id = m.person_id where p.person_source_value = {patient_id} {measurement_filter:weight:m.measurement_concept_id} {time_filter_global1:m.measurement_date} {time_filter_exact1:m.measurement_datetime}), v2 as (select m.value_as_number from <SCHEMA>.measurement m join <SCHEMA>.person p on p.person_id = m.person_id where p.person_source_value = {patient_id} {measurement_filter:weight:m.measurement_concept_id} {time_filter_global2:m.measurement_date} {time_filter_exact2:m.measurement_datetime}) select v2.value_as_number - v1.value_as_number as answer from v1 cross join v2",time_filter_exact2; time_filter_global2; time_filter_exact1; time_filter_global1,time_filter_exact1: exact-default | exact-first | exact-second_to_last; time_filter_exact2: exact-default | exact-last | exact-second; time_filter_global1: null | rel-hosp-cur | rel-hosp-first | rel-hosp-last; time_filter_global2: null | rel-hosp-cur | rel-hosp-first | rel-hosp-last,patient_id,5,10,YES,high,time_filter_exact1; time_filter_exact2; time_filter_global1; time_filter_global2,paired event/value extraction may require two separately filtered subqueries
ehrsql_012,what is the change in the {vital_name} of patient {patient_id} from the [time_filter_exact2] value measured [time_filter_global2] compared to the [time_filter_exact1] value measured [time_filter_global1]?,"with v1 as (select m.value_as_number from <SCHEMA>.measurement m join <SCHEMA>.person p on p.person_id = m.person_id where p.person_source_value = {patient_id} {measurement_filter:vital_name:m.measurement_concept_id} {time_filter_global1:m.measurement_date} {time_filter_exact1:m.measurement_datetime}), v2 as (select m.value_as_number from <SCHEMA>.measurement m join <SCHEMA>.person p on p.person_id = m.person_id where p.person_source_value = {patient_id} {measurement_filter:vital_name:m.measurement_concept_id} {time_filter_global2:m.measurement_date} {time_filter_exact2:m.measurement_datetime}) select v2.value_as_number - v1.value_as_number as answer from v1 cross join v2",Tell me patient 10855's difference in arterial BP [systolic] last measured during the current intensive care unit visit compared to the first value measured during the current intensive care unit visit.,select ( select chartevents.valuenum from chartevents where chartevents.icustay_id in ( select icustays.icustay_id from icustays where icustays.hadm_id in ( select admissions.hadm_id from admissions where admissions.subject_id = 22648 ) and icustays.outtime is not null order by icustays.intime asc limit 1 ) and chartevents.itemid in ( select d_items.itemid from d_items where d_items.label = 'arterial bp [diastolic]' and d_items.linksto = 'chartevents' ) and chartevents.charttime = ( select distinct chartevents.charttime from chartevents where chartevents.icustay_id in ( select icustays.icustay_id from icustays where icustays.hadm_id in ( select admissions.hadm_id from admissions where admissions.subject_id = 22648 ) and icustays.outtime is not null order by icustays.intime asc limit 1 ) and chartevents.itemid in ( select d_items.itemid from d_items where d_items.label = 'arterial bp [diastolic]' and d_items.linksto = 'chartevents' ) order by chartevents.charttime desc limit 1 ) ) - ( select chartevents.valuenum from chartevents where chartevents.icustay_id in ( select icustays.icustay_id from icustays where icustays.hadm_id in ( select admissions.hadm_id from admissions where admissions.subject_id = 22648 ) and icustays.outtime is not null order by icustays.intime asc limit 1 ) and chartevents.itemid in ( select d_items.itemid from d_items where d_items.label = 'arterial bp [diastolic]' and d_items.linksto = 'chartevents' ) and chartevents.charttime = ( select distinct chartevents.charttime from chartevents where chartevents.icustay_id in ( select icustays.icustay_id from icustays where icustays.hadm_id in ( select admissions.hadm_id from admissions where admissions.subject_id = 22648 ) and icustays.outtime is not null order by icustays.intime asc limit 1 ) and chartevents.itemid in ( select d_items.itemid from d_items where d_items.label = 'arterial bp [diastolic]' and d_items.linksto = 'chartevents' ) order by chartevents.charttime desc limit 1 offset 1 ) ),"with v1 as (select m.value_as_number from <SCHEMA>.measurement m join <SCHEMA>.person p on p.person_id = m.person_id where p.person_source_value = {patient_id} {measurement_filter:vital_name:m.measurement_concept_id} {time_filter_global1:m.measurement_date} {time_filter_exact1:m.measurement_datetime}), v2 as (select m.value_as_number from <SCHEMA>.measurement m join <SCHEMA>.person p on p.person_id = m.person_id where p.person_source_value = {patient_id} {measurement_filter:vital_name:m.measurement_concept_id} {time_filter_global2:m.measurement_date} {time_filter_exact2:m.measurement_datetime}) select v2.value_as_number - v1.value_as_number as answer from v1 cross join v2",time_filter_exact2; time_filter_global2; time_filter_exact1; time_filter_global1,time_filter_exact1: exact-first | exact-second_to_last; time_filter_exact2: exact-last | exact-second; time_filter_global1: rel-icu-cur | rel-icu-first | rel-icu-last; time_filter_global2: rel-icu-cur | rel-icu-first | rel-icu-last,patient_id; vital_name,6,12,YES,high,time_filter_exact1; time_filter_exact2; time_filter_global1; time_filter_global2,paired event/value extraction may require two separately filtered subqueries
ehrsql_011,what is the change in the value of {lab_name} of patient {patient_id} from the [time_filter_exact2] value measured [time_filter_global2] compared to the [time_filter_exact1] value measured [time_filter_global1]?,"with v1 as (select m.value_as_number from <SCHEMA>.measurement m join <SCHEMA>.person p on p.person_id = m.person_id where p.person_source_value = {patient_id} {measurement_filter:lab_name:m.measurement_concept_id} {time_filter_global1:m.measurement_date} {time_filter_exact1:m.measurement_datetime}), v2 as (select m.value_as_number from <SCHEMA>.measurement m join <SCHEMA>.person p on p.person_id = m.person_id where p.person_source_value = {patient_id} {measurement_filter:lab_name:m.measurement_concept_id} {time_filter_global2:m.measurement_date} {time_filter_exact2:m.measurement_datetime}) select v2.value_as_number - v1.value_as_number as answer from v1 cross join v2",How much difference is there in patient 60136's glucose level measured second during the current hospital visit compared to the first value measured during the current hospital visit?,select ( select labevents.valuenum from labevents where labevents.hadm_id in ( select admissions.hadm_id from admissions where admissions.subject_id = 26777 and admissions.dischtime is not null order by admissions.admittime asc limit 1 ) and labevents.itemid in ( select d_labitems.itemid from d_labitems where d_labitems.label = 'metamyelocytes' ) and labevents.charttime = ( select distinct labevents.charttime from labevents where labevents.hadm_id in ( select admissions.hadm_id from admissions where admissions.subject_id = 26777 and admissions.dischtime is not null order by admissions.admittime asc limit 1 ) and labevents.itemid in ( select d_labitems.itemid from d_labitems where d_labitems.label = 'metamyelocytes' ) order by labevents.charttime asc limit 1 offset 1 ) ) - ( select labevents.valuenum from labevents where labevents.hadm_id in ( select admissions.hadm_id from admissions where admissions.subject_id = 26777 and admissions.dischtime is not null order by admissions.admittime asc limit 1 ) and labevents.itemid in ( select d_labitems.itemid from d_labitems where d_labitems.label = 'metamyelocytes' ) and labevents.charttime = ( select distinct labevents.charttime from labevents where labevents.hadm_id in ( select admissions.hadm_id from admissions where admissions.subject_id = 26777 and admissions.dischtime is not null order by admissions.admittime asc limit 1 ) and labevents.itemid in ( select d_labitems.itemid from d_labitems where d_labitems.label = 'metamyelocytes' ) order by labevents.charttime asc limit 1 ) ),"with v1 as (select m.value_as_number from <SCHEMA>.measurement m join <SCHEMA>.person p on p.person_id = m.person_id where p.person_source_value = {patient_id} {measurement_filter:lab_name:m.measurement_concept_id} {time_filter_global1:m.measurement_date} {time_filter_exact1:m.measurement_datetime}), v2 as (select m.value_as_number from <SCHEMA>.measurement m join <SCHEMA>.person p on p.person_id = m.person_id where p.person_source_value = {patient_id} {measurement_filter:lab_name:m.measurement_concept_id} {time_filter_global2:m.measurement_date} {time_filter_exact2:m.measurement_datetime}) select v2.value_as_number - v1.value_as_number as answer from v1 cross join v2",time_filter_exact2; time_filter_global2; time_filter_exact1; time_filter_global1,time_filter_exact1: exact-first | exact-second_to_last; time_filter_exact2: exact-last | exact-second; time_filter_global1: rel-hosp-cur | rel-hosp-first | rel-hosp-last; time_filter_global2: rel-hosp-cur | rel-hosp-first | rel-hosp-last,lab_name; patient_id,7,20,YES,high,time_filter_exact1; time_filter_exact2; time_filter_global1; time_filter_global2,paired event/value extraction may require two separately filtered subqueries
ehrsql_003,what is the cost of a {lab_name} lab test?,select null::text as answer where false /* unsupported_cost_empty */,How much is the cost of cortisol?,"select distinct cost.cost from cost where cost.event_type = 'labevents' and cost.event_id in ( select labevents.row_id from labevents where labevents.itemid in ( select d_labitems.itemid from d_labitems where d_labitems.label = 'chloride, stool' ) )",select null::text as answer where false /* unsupported_cost_empty */,NONE,NONE,lab_name,1,7,YES,unsupported,cdm_support_policy,unsupported_cost_empty
ehrsql_118,what is_verb the [agg_function] total hospital cost that involves a {lab_name} lab test [time_filter_global1]?,select null::text as answer where false /* unsupported_cost_empty */,"What is the average cost of a hospital if wbc, csf are involved since 3 years ago?","select max(t1.c1) from ( select sum(cost.cost) as c1 from cost where cost.hadm_id in ( select labevents.hadm_id from labevents where labevents.itemid in ( select d_labitems.itemid from d_labitems where d_labitems.label = 'total protein, ascites' ) ) and strftime('%y',cost.chargetime) <= '2104' group by cost.hadm_id ) as t1",select null::text as answer where false /* unsupported_cost_empty */,agg_function; time_filter_global1,agg_function: average | maximum; time_filter_global1: null | rel-year-since | rel-year-until,lab_name,3,4,YES,unsupported,cdm_support_policy,unsupported_cost_empty
ehrsql_173,has_verb patient {patient_id} had any allergy [time_filter_global1]?,select count(*) > 0 as answer from <SCHEMA>.observation o join <SCHEMA>.person p on p.person_id = o.person_id where p.person_source_value = {patient_id} {observation_filter:allergy:o.observation_concept_id} {time_filter_global1:o.observation_date},,,select count(*) > 0 as answer from <SCHEMA>.observation o join <SCHEMA>.person p on p.person_id = o.person_id where p.person_source_value = {patient_id} {observation_filter:allergy:o.observation_concept_id} {time_filter_global1:o.observation_date},NONE,NONE,NONE,0,0,NO,low,,
ehrsql_170,what was the name of the allergy that patient {patient_id} had [time_filter_global1]?,"select coalesce(vc.concept_name, o.value_as_string, c.concept_name) as answer from <SCHEMA>.observation o left join <SCHEMA>.concept c on c.concept_id = o.observation_concept_id left join <SCHEMA>.concept vc on vc.concept_id = o.value_as_concept_id join <SCHEMA>.person p on p.person_id = o.person_id where p.person_source_value = {patient_id} {observation_filter:allergy:o.observation_concept_id} {time_filter_global1:o.observation_date}",,,"select coalesce(vc.concept_name, o.value_as_string, c.concept_name) as answer from <SCHEMA>.observation o left join <SCHEMA>.concept c on c.concept_id = o.observation_concept_id left join <SCHEMA>.concept vc on vc.concept_id = o.value_as_concept_id join <SCHEMA>.person p on p.person_id = o.person_id where p.person_source_value = {patient_id} {observation_filter:allergy:o.observation_concept_id} {time_filter_global1:o.observation_date}",NONE,NONE,NONE,0,0,NO,low,,
ehrsql_171,what was the name of the substance that patient {patient_id} was allergic to [time_filter_global1]?,"select coalesce(vc.concept_name, o.value_as_string) as answer from <SCHEMA>.observation o left join <SCHEMA>.concept vc on vc.concept_id = o.value_as_concept_id join <SCHEMA>.person p on p.person_id = o.person_id where p.person_source_value = {patient_id} {observation_filter:allergy_substance:o.observation_concept_id} {time_filter_global1:o.observation_date}",,,"select coalesce(vc.concept_name, o.value_as_string) as answer from <SCHEMA>.observation o left join <SCHEMA>.concept vc on vc.concept_id = o.value_as_concept_id join <SCHEMA>.person p on p.person_id = o.person_id where p.person_source_value = {patient_id} {observation_filter:allergy_substance:o.observation_concept_id} {time_filter_global1:o.observation_date}",NONE,NONE,NONE,0,0,NO,low,,
ehrsql_056,what is_verb the total hospital cost of patient {patient_id} [time_filter_global1]?,select null::text as answer where false /* unsupported_cost_empty */,How much did patient 17608 have to pay for their hospital stay during the previous year?,"select sum(cost.cost) from cost where cost.hadm_id in ( select admissions.hadm_id from admissions where admissions.subject_id = 13473 ) and strftime('%y',cost.chargetime) <= '2101'",select null::text as answer where false /* unsupported_cost_empty */,time_filter_global1,time_filter_global1: abs-year-in | abs-year-since | abs-year-until | rel-hosp-last | rel-year-last,patient_id,5,6,YES,unsupported,cdm_support_policy,unsupported_cost_empty
ehrsql_006,what does {abbreviation} stand for?,select null::text as answer where false /* unsupported_external_abbreviation_dictionary */,What is supposed to be represented by applic ext fix dev-femur?,select d_icd_diagnoses.long_title from d_icd_diagnoses where d_icd_diagnoses.short_title = 'sec malig neo sm bowel' union select d_icd_procedures.long_title from d_icd_procedures where d_icd_procedures.short_title = 'sec malig neo sm bowel',select null::text as answer where false /* unsupported_external_abbreviation_dictionary */,NONE,NONE,abbreviation; diagnosis_name; procedure_name,1,18,YES,unsupported,cdm_support_policy,unsupported_external_abbreviation_dictionary
